Campaign_ID,Campaign_Channel,Target_Segment,Ad_Spend,Impressions,Clicks,Conversion_Rate,Average_Order_Value,Campaign_Duration_Days,Email_Open_Rate,Monthly_Revenue_Generated
CMP0001,Search,Existing Customers,287844.92,586840,19308,7.0,3087.02,78,31.92,1990399.88
CMP0002,Social Media,Existing Customers,307760.85,789468,14513,3.49,2721.39,35,23.93,1196314.43
CMP0003,Display,High Value,224049.22,862201,7610,4.31,5657.4,84,35.41,1467163.45
CMP0004,Affiliate,New Customers,66514.17,121216,1864,6.26,3708.45,17,26.88,874015.23
CMP0005,Email,Small Business,418341.36,944032,25166,6.79,6876.28,59,44.82,2298128.92
CMP0006,Email,High Value,147110.84,242283,13347,7.28,8327.81,50,42.84,2162232.8
CMP0007,Email,Price Sensitive,184818.28,207312,6127,7.27,2239.28,22,34.85,847242.37
CMP0008,Social Media,Existing Customers,402728.63,960939,15205,3.26,3703.65,32,32.63,1195876.46
CMP0009,Search,New Customers,463442.91,1448881,34064,3.92,2862.54,36,20.53,1538893.15
CMP0010,Social Media,High Value,214680.58,736584,11866,5.0,4515.59,79,42.88,1476460.21
CMP0011,Display,Price Sensitive,363634.58,2000000,13456,1.08,1143.13,57,15.79,1017893.49
CMP0012,Social Media,High Value,261860.87,557558,18342,6.99,5126.68,34,45.88,1845665.39
CMP0013,Affiliate,Existing Customers,124535.02,243093,6285,6.29,4565.54,59,37.85,943910.78
CMP0014,Display,Existing Customers,80066.34,240960,2567,3.71,4078.17,26,27.91,710625.44
CMP0015,Email,Existing Customers,120457.35,170467,9024,7.12,4884.97,45,41.14,902195.86
CMP0016,Email,Small Business,476962.02,667676,41348,5.8,4530.07,68,46.94,2184814.76
CMP0017,Email,Small Business,271880.91,496253,21984,7.42,5577.05,89,47.0,2351876.24
CMP0018,Display,High Value,207950.95,378958,3581,1.01,9448.38,18,33.49,1303378.26
CMP0019,Email,Small Business,469919.0,641400,27720,5.71,5661.24,20,37.2,2138749.91
CMP0020,Email,New Customers,242925.11,610978,20357,6.65,3378.62,89,34.54,1386586.95
CMP0021,Email,Existing Customers,178638.96,241757,13740,6.41,3900.15,62,50.86,1752603.28
CMP0022,Display,New Customers,169974.91,534819,1883,1.64,2651.49,56,16.34,904370.87
CMP0023,Affiliate,High Value,463893.49,747435,19455,5.05,8759.45,8,51.44,2000655.83
CMP0024,Display,Small Business,258925.25,884699,4965,2.71,5775.35,32,32.38,940285.6
CMP0025,Affiliate,Existing Customers,154132.89,305100,7452,6.3,3184.93,69,34.05,1183471.14
CMP0026,Email,Small Business,238375.53,316759,18014,6.63,4550.37,63,54.46,1734383.1
CMP0027,Search,Small Business,88212.41,248305,12419,3.73,5272.76,32,23.11,1259400.75
CMP0028,Email,Price Sensitive,315327.97,556765,20287,5.65,1880.16,29,42.73,1458152.79
CMP0029,Social Media,High Value,239225.98,772884,19354,5.54,5633.0,83,40.05,1631369.6
CMP0030,Display,New Customers,376178.67,1923278,6347,0.79,3034.06,70,15.12,1094593.29
CMP0031,Display,New Customers,132633.23,429967,1881,2.29,1737.26,47,33.25,830641.77
CMP0032,Social Media,New Customers,27090.7,93506,1508,2.46,3697.15,48,21.97,654423.96
CMP0033,Social Media,High Value,201302.64,557206,11105,3.77,7694.26,29,33.57,1110039.88
CMP0034,Social Media,Price Sensitive,139322.87,546965,8486,2.24,1791.65,72,25.84,1327512.46
CMP0035,Social Media,Small Business,260704.43,1010612,17128,2.2,4749.06,86,35.56,1446685.59
CMP0036,Email,Existing Customers,209507.02,320226,24286,9.02,4137.07,86,58.59,2036900.28
CMP0037,Social Media,Small Business,213916.79,1069614,15985,6.37,4474.7,34,41.92,1534792.3
CMP0038,Social Media,Existing Customers,72513.54,258232,4243,2.25,3562.68,66,34.04,1382544.1
CMP0039,Affiliate,Existing Customers,191476.14,343097,10701,4.51,4040.86,33,36.49,1697087.49
CMP0040,Search,High Value,395574.85,794045,30913,7.34,10000.0,27,29.7,2234025.32
CMP0041,Social Media,Small Business,242829.28,964675,15574,3.12,3821.89,87,36.28,1538576.62
CMP0042,Search,Small Business,138986.36,253770,6019,6.5,7299.78,39,38.2,1435361.04
CMP0043,Search,New Customers,196720.56,499802,13102,4.86,2025.76,56,21.09,1275685.49
CMP0044,Email,New Customers,275187.05,424842,14777,6.26,3988.92,86,34.43,1133921.59
CMP0045,Affiliate,Small Business,309837.98,476829,8187,4.97,6076.23,16,36.05,1151105.57
CMP0046,Affiliate,New Customers,392734.78,769248,15506,4.69,4174.54,64,27.49,1396646.97
CMP0047,Search,Small Business,388263.81,847935,29180,4.73,4814.0,14,28.28,1339607.13
CMP0048,Social Media,Price Sensitive,172983.81,599389,10441,4.49,2124.94,30,29.16,1118783.41
CMP0049,Social Media,Existing Customers,407760.34,1054096,17770,4.67,2646.4,83,26.9,1652146.38
CMP0050,Social Media,Price Sensitive,407397.43,1592063,25961,1.82,1729.8,44,30.49,1476510.79
CMP0051,Affiliate,Small Business,158042.88,338739,8432,4.25,3508.08,22,30.01,997455.42
CMP0052,Display,Price Sensitive,310759.59,986832,7912,0.5,2550.84,59,25.72,1216915.1
CMP0053,Display,Price Sensitive,309181.48,1234770,7122,1.11,1891.15,23,21.26,1189028.17
CMP0054,Social Media,New Customers,251380.93,1170097,15505,3.35,3223.16,83,19.25,1231371.96
CMP0055,Social Media,Small Business,252207.65,852029,11937,2.6,7450.63,81,26.82,1580469.19
CMP0056,Affiliate,Price Sensitive,152219.36,505076,15384,3.51,1542.98,21,20.63,1436938.94
CMP0057,Social Media,New Customers,212131.15,770299,17085,3.51,3407.26,48,23.26,1285915.03
CMP0058,Social Media,Small Business,272140.54,1301488,26983,2.98,5559.23,34,24.82,2047170.2
CMP0059,Email,Existing Customers,258319.9,319906,12334,6.38,3329.56,35,50.12,1755552.58
CMP0060,Social Media,Price Sensitive,272451.92,1469860,38830,3.03,1366.69,86,26.44,1583892.21
CMP0061,Email,Existing Customers,217707.79,265637,20051,6.78,4193.19,52,44.55,1443656.38
CMP0062,Search,Price Sensitive,378613.28,1189776,46771,5.26,1951.35,45,34.05,1714774.38
CMP0063,Affiliate,Existing Customers,377394.59,732283,26994,4.8,3631.28,25,41.39,1791243.02
CMP0064,Email,Small Business,290921.44,378592,13642,8.57,5294.0,26,40.43,1479191.17
CMP0065,Affiliate,High Value,98467.71,211841,5063,7.92,6865.86,84,42.0,1812805.47
CMP0066,Social Media,Price Sensitive,399081.14,1127127,18622,3.67,2089.37,72,17.33,1162454.25
CMP0067,Display,Existing Customers,329257.76,1255412,15109,0.62,3962.34,85,26.19,1159888.57
CMP0068,Display,New Customers,342616.29,992727,3915,1.76,3079.75,11,8.84,1029538.44
CMP0069,Email,New Customers,183399.49,279998,14962,7.23,3010.25,60,36.55,1573477.03
CMP0070,Search,Price Sensitive,63025.24,131892,5551,2.59,2059.05,27,34.07,935274.9
CMP0071,Affiliate,High Value,232551.89,540820,16891,6.78,7820.71,85,46.41,2059404.0
CMP0072,Social Media,New Customers,361588.73,966303,23004,0.5,2896.38,72,14.46,1529119.28
CMP0073,Social Media,Existing Customers,142046.48,568669,10809,3.51,2931.9,43,33.65,1074724.32
CMP0074,Search,Price Sensitive,141255.88,378721,8723,5.13,1273.42,28,28.7,923578.07
CMP0075,Social Media,Price Sensitive,398173.85,1828941,27921,0.5,1456.94,71,25.99,1214272.29
CMP0076,Search,New Customers,160637.92,420373,11848,5.92,1869.58,74,20.63,1220294.29
CMP0077,Search,New Customers,64978.61,141024,5733,7.46,2563.17,21,27.57,893108.84
CMP0078,Search,Existing Customers,134233.4,330551,11495,7.18,4579.6,10,28.28,1243808.74
CMP0079,Display,New Customers,217097.9,860520,4286,2.04,3590.68,74,15.09,1182896.7
CMP0080,Social Media,Existing Customers,139218.92,361761,9374,4.87,3933.12,8,32.22,971893.41
CMP0081,Affiliate,Existing Customers,270189.88,509395,30991,6.83,3669.32,70,30.5,1784222.83
CMP0082,Email,Price Sensitive,433509.89,1059439,38155,6.63,1615.73,61,53.63,2292869.82
CMP0083,Affiliate,Small Business,273642.33,616017,16756,5.32,6008.91,40,36.24,1947047.54
CMP0084,Search,Small Business,99774.19,276702,11816,4.82,7883.31,86,26.04,1706782.76
CMP0085,Social Media,Existing Customers,424647.38,1244632,31541,2.92,4130.51,57,28.54,1583278.1
CMP0086,Display,New Customers,286892.41,1189296,5684,0.5,2651.39,43,24.31,1217940.46
CMP0087,Affiliate,Small Business,215074.55,312985,7159,4.65,7601.75,18,28.24,1812901.51
CMP0088,Social Media,Price Sensitive,253216.3,987725,18888,1.93,2542.49,22,27.79,1510319.77
CMP0089,Email,High Value,199706.98,330384,13274,8.55,10000.0,40,51.15,2057320.31
CMP0090,Email,New Customers,227328.9,406139,22688,3.36,3453.16,88,42.68,1234676.19
CMP0091,Affiliate,Price Sensitive,395746.37,1085753,23580,3.08,873.61,42,25.2,1560949.95
CMP0092,Display,New Customers,157994.14,719234,3623,1.33,1961.42,90,17.86,912033.9
CMP0093,Email,New Customers,318236.23,657274,27639,5.46,3056.21,34,41.98,1199654.4
CMP0094,Social Media,Small Business,155039.55,598224,11235,2.88,5090.0,55,27.04,1414580.94
CMP0095,Email,New Customers,27977.73,49981,2330,5.21,2726.04,73,38.33,1178405.92
CMP0096,Social Media,Small Business,249651.36,872667,16374,0.9,7401.54,32,34.35,1229144.91
CMP0097,Display,Price Sensitive,146602.8,630610,3016,1.39,1397.65,72,20.82,803369.67
CMP0098,Email,New Customers,313376.65,691290,29888,4.38,2205.9,80,37.47,1543007.57
CMP0099,Display,Price Sensitive,254237.85,1314353,9228,0.5,908.1,72,22.58,917921.83
CMP0100,Affiliate,Existing Customers,200876.18,625941,16590,5.25,4884.4,63,36.01,1012636.36
CMP0101,Email,Existing Customers,429774.35,768225,30845,6.49,4106.4,75,51.18,1898320.65
CMP0102,Email,New Customers,267743.8,525858,20786,6.21,3229.65,47,35.71,1174119.84
CMP0103,Search,Price Sensitive,285869.12,1022503,32174,2.04,1952.31,62,25.72,1097311.1
CMP0104,Email,Existing Customers,167329.91,256983,11002,7.74,5434.95,46,55.66,1599794.27
CMP0105,Email,New Customers,294347.89,714650,32241,7.91,3922.37,39,37.68,1627208.6
CMP0106,Email,Price Sensitive,213830.5,493119,28542,4.99,2171.25,82,35.94,1398022.13
CMP0107,Search,Price Sensitive,261684.42,923919,21839,2.54,1897.97,60,27.94,1213048.73
CMP0108,Social Media,Existing Customers,85789.0,194348,3582,4.68,1961.96,17,37.75,1070815.79
CMP0109,Email,High Value,229226.76,351004,15710,9.67,6918.09,32,50.7,1947478.65
CMP0110,Social Media,Existing Customers,401314.03,1408847,21599,4.63,3292.52,69,34.04,1713783.63
CMP0111,Search,Existing Customers,405343.89,688935,20076,6.5,4145.12,26,35.52,1826182.96
CMP0112,Search,Existing Customers,359037.37,787071,20621,6.27,3761.01,55,27.6,1507013.07
CMP0113,Search,New Customers,105618.72,354573,11403,6.81,3164.18,32,20.16,1108609.17
CMP0114,Social Media,High Value,339405.01,783337,12175,4.83,10000.0,37,39.69,1894500.06
CMP0115,Search,Small Business,208141.86,562721,13793,6.72,5904.21,69,32.85,1482107.94
CMP0116,Search,High Value,296574.38,885176,25479,8.41,7035.79,78,48.24,1778466.91
CMP0117,Display,New Customers,340426.34,1401911,5670,1.66,2784.56,42,26.24,1001454.31
CMP0118,Display,Price Sensitive,143099.99,315942,2939,2.55,850.03,16,22.94,358017.15
CMP0119,Email,Existing Customers,146126.77,210655,10710,7.71,4594.85,29,40.72,1702542.0
CMP0120,Email,Existing Customers,307032.37,374309,13560,8.9,3799.65,28,54.96,1473832.42
CMP0121,Display,Price Sensitive,274210.33,1058294,7930,0.76,1670.59,84,15.25,729903.65
CMP0122,Display,Existing Customers,371944.24,1420245,23173,2.59,3218.2,53,35.52,1215863.89
CMP0123,Search,Existing Customers,350664.96,825825,24336,6.36,6393.49,68,39.68,2191365.07
CMP0124,Display,High Value,248761.46,619398,6292,3.56,6895.48,15,36.43,1691999.99
CMP0125,Affiliate,New Customers,63667.49,126878,2822,4.08,2643.87,54,22.65,956775.35
CMP0126,Display,High Value,175641.82,679270,5723,5.15,4095.9,75,35.05,1570367.56
CMP0127,Display,High Value,156758.98,353690,4280,6.12,7388.24,25,26.87,1488293.35
CMP0128,Social Media,Existing Customers,436504.84,1333136,28214,4.85,5086.63,41,39.95,1361794.37
CMP0129,Affiliate,Small Business,286483.99,652636,15516,5.15,4411.15,19,46.43,1912299.89
CMP0130,Email,Price Sensitive,147573.37,203993,8839,7.13,1969.44,15,31.94,927569.45
CMP0131,Email,High Value,33576.25,54262,3046,10.08,7541.18,57,61.34,1540028.28
CMP0132,Search,Existing Customers,194073.15,411040,19892,6.11,2883.05,56,31.66,1861725.78
CMP0133,Display,Price Sensitive,40186.58,219428,1857,1.18,1573.96,70,18.68,746159.77
CMP0134,Display,Price Sensitive,232515.64,1020608,7081,1.22,2305.92,29,31.96,1033466.85
CMP0135,Affiliate,New Customers,211985.44,448878,12027,4.34,3265.76,78,20.19,1347355.68
CMP0136,Display,High Value,168060.9,615628,7516,3.09,6389.29,80,34.64,1449983.11
CMP0137,Display,New Customers,223772.26,562327,2596,2.46,2386.83,15,21.69,825504.28
CMP0138,Affiliate,High Value,35032.69,52985,1691,5.16,10000.0,29,44.25,1714568.84
CMP0139,Social Media,Existing Customers,169006.8,574993,14197,3.9,3602.95,61,33.93,1349206.78
CMP0140,Display,Existing Customers,123057.37,435617,3163,2.99,4464.54,24,33.24,1078751.79
CMP0141,Search,Existing Customers,402642.33,637314,18376,7.76,4157.32,19,35.16,1226221.24
CMP0142,Affiliate,Existing Customers,392449.3,847643,26182,5.87,3884.2,17,40.31,1691127.18
CMP0143,Email,Price Sensitive,226397.88,440252,16343,3.95,1533.48,35,32.16,1005537.35
CMP0144,Social Media,Existing Customers,407525.11,1163054,31673,2.43,3318.65,44,37.03,1519695.8
CMP0145,Search,Existing Customers,208672.76,335328,15994,6.46,4527.17,12,45.73,1526480.6
CMP0146,Display,Small Business,378804.9,1464673,10066,1.45,5182.83,32,24.38,1566527.0
CMP0147,Social Media,New Customers,431973.58,1322995,16806,3.59,3329.99,86,23.11,1567116.05
CMP0148,Email,Price Sensitive,231272.55,530685,19900,4.63,1309.47,69,46.42,1339021.64
CMP0149,Search,Small Business,307369.89,848853,23049,6.85,10000.0,79,29.2,1896008.89
CMP0150,Affiliate,Small Business,386632.94,841160,20609,2.38,4682.13,70,36.97,1548932.98
CMP0151,Affiliate,New Customers,235698.36,392679,8843,5.55,2598.98,50,24.46,1038190.66
CMP0152,Email,New Customers,18861.56,22973,1298,5.28,5834.02,43,40.17,1326984.69
CMP0153,Search,New Customers,26037.04,84818,2784,4.52,3827.38,47,17.44,1048838.48
CMP0154,Social Media,New Customers,157630.1,414612,7438,2.79,3244.45,34,21.76,1041802.01
CMP0155,Display,Small Business,189079.54,608620,3493,1.16,5460.2,11,11.12,948094.22
CMP0156,Affiliate,Existing Customers,195085.78,332757,10814,4.62,2924.96,19,30.05,1243390.79
CMP0157,Display,Small Business,41598.6,125017,509,2.09,3136.74,30,33.19,773599.12
CMP0158,Affiliate,Existing Customers,281975.07,358575,10484,6.61,3254.26,13,36.26,1211206.0
CMP0159,Email,New Customers,299113.6,588690,25134,7.28,2738.27,28,33.52,1152133.41
CMP0160,Social Media,Price Sensitive,184567.45,761736,12435,1.96,1886.41,55,23.85,961088.34
CMP0161,Search,Existing Customers,112387.42,343597,10480,7.75,3560.24,80,36.53,1080831.52
CMP0162,Affiliate,Existing Customers,218780.66,351640,11997,4.42,3102.32,9,51.74,1345930.54
CMP0163,Email,Price Sensitive,341915.22,685013,23110,6.01,1777.75,11,44.1,1346781.61
CMP0164,Search,New Customers,445398.84,1045079,46750,6.18,3202.79,62,20.27,1955722.74
CMP0165,Email,New Customers,313694.15,446715,14549,4.63,2997.8,84,34.32,1659119.39
CMP0166,Search,Price Sensitive,275921.35,753220,15605,5.26,2786.76,20,27.11,1166313.63
CMP0167,Display,Small Business,262810.01,915767,4867,3.21,4684.05,28,19.67,1070792.19
CMP0168,Social Media,Existing Customers,278834.59,801055,17766,5.05,4667.38,55,31.53,1250417.99
CMP0169,Search,New Customers,116229.77,451348,13142,2.81,2929.57,84,18.36,1330660.8
CMP0170,Search,High Value,84901.54,126862,8967,7.61,6688.46,19,41.36,1708402.74
CMP0171,Social Media,Price Sensitive,429217.1,1384279,31517,2.71,1915.42,49,35.65,1425663.41
CMP0172,Email,New Customers,310395.74,615276,24170,5.72,3711.79,32,33.82,1361315.37
CMP0173,Search,Price Sensitive,440929.75,1336082,8618,1.26,1995.05,82,22.54,1485259.65
CMP0174,Search,Price Sensitive,277972.04,719222,23935,5.13,2575.69,58,33.2,1498998.83
CMP0175,Search,Price Sensitive,356740.61,708819,17688,3.37,1928.79,33,32.59,1289313.9
CMP0176,Email,Existing Customers,310391.38,414915,20966,2.57,3126.72,35,56.0,1492316.76
CMP0177,Email,New Customers,237264.03,442984,16625,6.68,3656.78,76,41.6,1593574.4
CMP0178,Email,Small Business,85152.04,172872,9645,7.7,7479.46,88,44.34,1677890.04
CMP0179,Affiliate,Price Sensitive,54236.53,193187,5589,4.14,1431.22,84,28.83,1055226.87
CMP0180,Affiliate,New Customers,389388.29,683844,24669,3.36,2028.33,32,29.15,1689838.89
CMP0181,Search,New Customers,165367.12,626367,14480,5.89,2980.29,73,30.4,1515066.73
CMP0182,Search,Existing Customers,207226.51,426107,19145,7.25,3326.93,64,35.44,1066515.59
CMP0183,Search,Price Sensitive,276971.54,890455,26273,2.91,1439.4,53,31.86,1891344.29
CMP0184,Search,New Customers,329430.9,945106,29863,6.94,3351.2,37,16.36,1604427.6
CMP0185,Social Media,Small Business,331515.1,1178699,27559,4.2,2857.26,63,33.52,1373351.16
CMP0186,Social Media,New Customers,280940.78,985315,16933,3.6,2764.25,86,18.21,1595405.64
CMP0187,Social Media,High Value,184639.01,636920,15402,6.24,5119.12,39,35.34,1796498.06
CMP0188,Email,Price Sensitive,229294.03,449809,28055,3.61,1890.34,28,43.79,1220507.13
CMP0189,Email,Existing Customers,176917.49,280062,20325,8.31,5258.08,22,47.8,1869000.3
CMP0190,Social Media,Price Sensitive,119534.69,380127,9317,1.98,944.66,19,24.28,499553.26
CMP0191,Affiliate,High Value,303693.93,603248,16625,7.42,6296.31,88,32.92,1968017.89
CMP0192,Social Media,New Customers,282583.49,1262810,18274,2.38,1723.92,70,19.83,1313039.17
CMP0193,Display,Small Business,168287.94,593859,3692,1.07,5252.75,47,25.18,1273525.99
CMP0194,Display,Existing Customers,59664.5,247317,2617,2.6,3435.88,55,33.68,961313.14
CMP0195,Affiliate,New Customers,389969.91,942039,27864,4.24,2887.67,47,22.69,1098329.98
CMP0196,Social Media,Existing Customers,393367.16,1141325,21542,4.02,4186.82,46,33.62,1495047.2
CMP0197,Search,New Customers,135841.92,496077,13735,5.47,1813.18,82,31.26,1165879.94
CMP0198,Social Media,New Customers,85846.89,282965,3224,3.72,2567.33,70,13.4,792521.97
CMP0199,Affiliate,Price Sensitive,308233.68,589094,19447,1.95,1716.53,16,34.14,945780.29
CMP0200,Search,High Value,207491.83,465000,19549,7.8,7117.45,31,37.33,1641657.1
CMP0201,Display,Small Business,156337.55,487086,2350,1.94,4629.22,27,21.69,931650.34
CMP0202,Affiliate,Price Sensitive,403742.66,1232419,20078,4.47,1686.58,61,31.79,1244607.42
CMP0203,Display,High Value,217261.87,558137,4904,4.71,5094.79,60,34.56,1393869.33
CMP0204,Affiliate,New Customers,255783.16,465834,12711,3.42,3110.96,24,27.98,1134918.75
CMP0205,Display,New Customers,227146.41,710429,2578,1.18,1460.85,80,18.87,1110688.9
CMP0206,Social Media,Small Business,375811.43,1131752,17925,4.71,5974.59,38,34.5,1795654.09
CMP0207,Search,New Customers,331908.53,1000773,27209,5.25,2380.99,25,13.48,1579964.04
CMP0208,Email,New Customers,288207.24,727046,33484,6.93,2855.3,66,41.03,1286012.59
CMP0209,Social Media,New Customers,123005.64,541081,11713,2.77,2110.86,77,19.23,1156443.64
CMP0210,Search,Existing Customers,70715.37,135890,3376,6.93,3545.32,26,45.56,1345631.1
CMP0211,Social Media,Existing Customers,215224.3,900105,21963,6.3,2649.18,79,42.9,1694476.05
CMP0212,Social Media,Price Sensitive,239832.52,978093,16915,0.78,1633.81,47,21.13,793543.92
CMP0213,Display,High Value,269044.48,921617,6909,1.12,5652.7,25,35.76,1368855.4
CMP0214,Display,New Customers,126540.36,320515,1920,3.26,2087.14,21,24.61,577085.45
CMP0215,Social Media,New Customers,119767.43,329033,5327,3.45,2447.37,20,20.88,882747.24
CMP0216,Display,Price Sensitive,212503.69,804103,6968,0.7,1306.02,87,20.92,691913.08
CMP0217,Affiliate,Small Business,305109.83,373507,8576,5.84,7026.78,17,36.59,1612730.1
CMP0218,Social Media,Price Sensitive,108129.09,443737,7580,0.5,801.04,22,29.14,668802.01
CMP0219,Email,Small Business,131705.32,182937,10174,6.11,4668.51,88,47.03,1608249.58
CMP0220,Email,Existing Customers,377517.98,689905,31976,8.71,4134.47,42,42.47,2287741.46
CMP0221,Search,Existing Customers,113519.05,247955,12773,7.72,3521.36,63,41.87,1429557.12
CMP0222,Affiliate,High Value,265680.52,361259,11113,6.81,7707.09,10,45.67,1644001.35
CMP0223,Email,New Customers,77595.4,133602,3868,4.88,4500.78,70,39.71,1146321.31
CMP0224,Social Media,Existing Customers,247197.6,738367,17965,5.43,2588.14,45,29.69,1669471.38
CMP0225,Email,Price Sensitive,415635.16,947984,42716,4.48,2272.88,34,42.07,1989232.04
CMP0226,Email,Small Business,215005.05,327599,24879,6.82,5429.54,59,59.15,1968143.4
CMP0227,Email,Price Sensitive,59192.57,143416,6686,5.67,2058.09,75,35.23,692357.88
CMP0228,Email,High Value,355902.3,504281,20069,7.59,6511.41,70,59.19,1988845.65
CMP0229,Social Media,Price Sensitive,260936.6,1096669,24530,1.76,1651.64,55,38.13,960645.96
CMP0230,Social Media,New Customers,273945.58,1387581,22451,3.35,2583.02,75,19.54,845303.69
CMP0231,Affiliate,Price Sensitive,266430.06,481721,19964,4.4,2631.55,22,34.77,1281339.36
CMP0232,Social Media,New Customers,207385.34,868838,15890,3.06,2566.91,33,19.34,951080.05
CMP0233,Social Media,Price Sensitive,188880.03,806023,8506,2.43,1708.35,43,36.85,997286.48
CMP0234,Social Media,High Value,268496.35,787525,10840,4.3,10000.0,57,36.31,1697768.23
CMP0235,Search,New Customers,232377.6,612716,17879,5.01,1973.35,45,22.95,1535503.28
CMP0236,Display,Existing Customers,233953.96,738410,8687,4.51,3031.12,26,26.7,1350698.48
CMP0237,Affiliate,New Customers,132145.91,191249,7182,4.17,3741.48,16,32.37,1049946.11
CMP0238,Affiliate,Existing Customers,253824.56,588092,12040,5.57,3869.84,69,44.72,1387073.91
CMP0239,Social Media,Small Business,333376.5,1179147,26559,3.47,6428.49,67,21.81,1774696.08
CMP0240,Display,New Customers,161513.54,707520,2560,2.38,3320.86,73,20.59,878105.62
CMP0241,Display,New Customers,159743.53,652478,2283,1.36,2524.55,65,23.77,1047348.74
CMP0242,Social Media,Price Sensitive,361555.75,1396732,30220,2.28,1456.8,39,23.88,1094932.58
CMP0243,Search,High Value,240724.85,421854,11030,7.65,9097.73,31,39.63,1896158.85
CMP0244,Affiliate,Small Business,315028.19,529350,15105,5.83,6179.85,28,38.4,1904960.36
CMP0245,Email,Existing Customers,127434.45,120576,5020,6.84,4895.03,14,47.55,1308774.53
CMP0246,Display,Price Sensitive,74574.62,196380,930,0.5,1259.29,71,16.47,924415.51
CMP0247,Email,Small Business,99335.82,135986,5294,5.79,8592.63,41,43.06,1519942.91
CMP0248,Email,Small Business,183188.36,299170,14522,7.47,4291.06,77,50.3,1647151.64
CMP0249,Search,Existing Customers,432053.97,1056395,24516,4.66,5487.12,53,35.69,1450881.03
CMP0250,Search,Existing Customers,328955.91,906853,45067,6.39,3492.48,89,32.14,1965263.3
CMP0251,Social Media,New Customers,358912.52,1298546,22072,3.76,2652.92,75,13.49,1454602.39
CMP0252,Display,New Customers,90814.85,286162,921,2.63,3196.68,75,12.69,696523.4
CMP0253,Social Media,Small Business,309742.39,1138968,24790,2.24,4906.21,82,41.72,1437925.46
CMP0254,Affiliate,Existing Customers,276622.49,499612,15818,4.3,2725.12,38,39.79,1363326.65
CMP0255,Display,Existing Customers,221111.51,616440,5058,2.14,3523.96,14,30.52,1093282.01
CMP0256,Search,High Value,261655.05,628518,16822,6.57,6255.71,11,45.77,1572886.76
CMP0257,Social Media,New Customers,223494.34,910834,12764,2.76,2168.62,19,25.67,1085361.55
CMP0258,Email,New Customers,205765.33,382487,19706,5.74,3143.99,79,37.59,1527749.42
CMP0259,Social Media,Existing Customers,419067.33,1299681,28820,5.79,3743.41,47,28.43,1742882.84
CMP0260,Email,New Customers,265979.66,599768,27578,6.7,2112.12,83,35.42,1620650.53
CMP0261,Search,New Customers,312250.92,1091118,23047,3.75,3212.77,57,24.96,1344821.1
CMP0262,Social Media,New Customers,104248.66,287366,7169,1.45,4263.92,26,9.01,504992.49
CMP0263,Email,New Customers,405619.24,577781,20354,5.84,2584.55,29,39.73,1712496.0
CMP0264,Affiliate,Small Business,394702.5,914604,20499,6.75,5141.7,17,32.39,1813791.15
CMP0265,Display,High Value,175544.14,567974,5832,5.66,10000.0,55,39.73,1805795.29
CMP0266,Social Media,Price Sensitive,271384.96,979471,20485,0.5,1845.27,86,24.86,1336047.76
CMP0267,Social Media,New Customers,223719.11,699341,8190,1.63,2803.0,25,17.79,1038592.84
CMP0268,Social Media,Existing Customers,405520.53,1540773,33776,3.21,4970.6,57,41.64,1698214.86
CMP0269,Search,Small Business,154369.37,459275,14618,7.46,6032.61,17,22.52,1637322.25
CMP0270,Display,Existing Customers,130434.88,416095,4611,2.04,3275.86,20,27.54,1027179.05
CMP0271,Search,High Value,129610.86,287747,10393,7.22,9456.46,56,41.4,2106335.28
CMP0272,Search,New Customers,165806.42,492210,14606,5.25,3056.7,46,14.5,1496090.37
CMP0273,Search,New Customers,402510.52,1196823,40705,4.81,2934.42,78,18.27,1908946.57
CMP0274,Social Media,New Customers,356342.74,1417381,27749,0.92,2951.25,59,19.31,1372952.8
CMP0275,Email,New Customers,429066.15,1244869,40895,6.22,2277.38,73,35.49,1780727.75
CMP0276,Search,Existing Customers,59215.52,244133,10752,4.76,3358.82,78,35.58,1332108.06
CMP0277,Social Media,Small Business,220677.91,701311,9668,2.95,6932.37,16,34.52,1313696.79
CMP0278,Social Media,High Value,167933.88,535043,6593,7.07,5526.53,84,41.01,1444991.17
CMP0279,Search,High Value,150785.46,367920,12961,8.11,9273.0,83,41.67,1987897.67
CMP0280,Social Media,Existing Customers,258162.03,756326,12483,5.39,5169.2,56,27.17,1317568.15
CMP0281,Display,High Value,179360.52,572784,5309,3.85,5578.59,62,27.69,1322868.15
CMP0282,Affiliate,High Value,444487.8,983021,20284,5.51,8563.21,46,46.9,2082900.71
CMP0283,Social Media,Existing Customers,382391.35,1351799,19556,2.94,2562.65,82,39.95,1354530.38
CMP0284,Email,Small Business,324836.75,308514,14653,5.59,6301.13,33,36.02,1703646.72
CMP0285,Social Media,Price Sensitive,342238.79,1515865,19681,3.56,1627.93,66,30.04,1214331.76
CMP0286,Display,New Customers,220372.93,636860,2377,0.96,2374.56,16,13.3,686436.86
CMP0287,Search,Price Sensitive,171562.84,459371,19079,4.24,1577.04,33,42.02,1560886.07
CMP0288,Affiliate,Existing Customers,89792.28,233621,6751,4.13,3210.78,73,28.12,842330.56
CMP0289,Social Media,Small Business,410195.02,1213432,35603,2.73,5926.07,15,25.87,1551306.64
CMP0290,Email,Price Sensitive,436088.65,847273,27940,5.4,2041.86,41,41.07,1765266.39
CMP0291,Email,High Value,80218.66,141698,6183,6.91,7163.19,90,64.97,1739441.65
CMP0292,Search,Price Sensitive,124435.08,533272,18236,2.73,1740.92,65,30.96,666734.06
CMP0293,Search,New Customers,205745.1,570123,14251,5.33,3007.0,40,18.99,1315698.78
CMP0294,Email,Price Sensitive,82535.97,144516,6632,6.11,1573.59,76,51.07,1335434.66
CMP0295,Search,New Customers,71785.1,166109,6989,4.03,4064.75,14,41.39,1025026.19
CMP0296,Affiliate,New Customers,224966.27,424631,11363,4.86,4080.49,22,18.67,1433800.84
CMP0297,Email,Small Business,120701.0,143219,5344,6.54,5350.13,59,40.58,1344360.16
CMP0298,Email,Small Business,252454.14,367759,17335,6.5,5017.77,75,45.87,1736380.96
CMP0299,Search,High Value,233100.46,698565,21170,6.15,9345.33,64,45.4,1730295.93
CMP0300,Social Media,New Customers,296492.93,1493085,17144,2.32,3948.55,89,16.01,1342141.88
CMP0301,Email,Existing Customers,341539.89,368656,17766,8.15,4859.92,28,54.95,1704937.66
CMP0302,Search,New Customers,106282.88,382433,13110,5.42,2330.6,84,24.22,1296220.84
CMP0303,Social Media,New Customers,105203.54,424063,5833,0.68,2401.92,90,15.54,1048965.31
CMP0304,Email,Existing Customers,384805.25,510611,16464,7.01,2928.85,49,50.6,1916704.35
CMP0305,Social Media,High Value,204057.8,690718,17858,4.28,9082.66,65,46.44,2007577.22
CMP0306,Affiliate,Existing Customers,305245.41,517768,12074,6.79,2660.77,7,45.79,1677179.86
CMP0307,Email,Price Sensitive,144190.78,243073,10464,6.45,1272.95,12,33.58,1166170.55
CMP0308,Display,Price Sensitive,248853.14,722149,7291,0.5,1467.77,30,28.75,923770.69
CMP0309,Display,New Customers,226130.21,927037,3705,2.18,2446.39,52,19.76,994069.31
CMP0310,Email,Existing Customers,49747.25,89239,4246,7.64,4048.88,83,55.56,1718291.14
CMP0311,Affiliate,Existing Customers,354131.16,718661,28086,5.5,3829.42,70,38.21,1768488.28
CMP0312,Social Media,Existing Customers,315791.74,936623,40002,5.61,2519.03,46,21.52,1688705.57
CMP0313,Affiliate,New Customers,29219.66,51279,1137,6.56,3072.41,48,31.48,779818.58
CMP0314,Email,Small Business,134815.24,219684,8903,6.72,7028.29,26,53.37,1642468.8
CMP0315,Social Media,High Value,69379.41,250673,4508,5.73,6735.97,52,52.58,1403727.16
CMP0316,Social Media,Small Business,104935.97,378220,6661,2.16,5051.99,89,25.34,1365399.35
CMP0317,Social Media,Price Sensitive,223599.74,888080,16749,1.14,1451.33,31,21.79,943010.69
CMP0318,Email,Price Sensitive,280640.54,559984,25049,5.96,1686.42,74,47.5,1152422.22
CMP0319,Social Media,Price Sensitive,275974.84,963392,18037,1.33,1707.68,54,18.2,795112.02
CMP0320,Display,New Customers,359800.35,1252210,5435,0.89,2750.32,37,11.71,807329.65
CMP0321,Social Media,Small Business,146063.85,495910,8355,2.12,4405.61,77,24.82,1101691.63
CMP0322,Affiliate,Existing Customers,432489.2,708616,32656,6.65,2898.15,36,45.04,1740270.61
CMP0323,Search,New Customers,373347.87,1177929,37504,3.72,3159.9,79,33.32,1712285.09
CMP0324,Email,Existing Customers,172373.67,244346,10214,8.82,4756.1,71,55.41,1676178.92
CMP0325,Email,Price Sensitive,322621.45,364232,12056,4.95,1753.69,24,37.0,720580.0
CMP0326,Display,New Customers,163590.77,709262,2750,2.62,2924.05,52,28.19,1435603.68
CMP0327,Affiliate,Existing Customers,240633.3,524056,17328,5.55,4116.35,19,35.16,1583783.75
CMP0328,Social Media,Existing Customers,379814.06,1169547,33760,4.77,4113.38,30,32.25,1657488.09
CMP0329,Display,High Value,170872.68,456454,3960,3.79,5757.97,69,39.49,966880.58
CMP0330,Search,High Value,219843.4,395891,11993,8.15,8781.43,44,45.74,2098962.91
CMP0331,Social Media,Price Sensitive,405060.41,2000000,28342,1.84,1383.09,67,25.16,1630883.32
CMP0332,Email,Small Business,288927.83,547956,22154,5.53,4883.99,86,50.79,1860941.38
CMP0333,Email,High Value,208082.58,208678,8711,7.77,7327.67,18,54.33,1614804.18
CMP0334,Search,Existing Customers,228377.81,491480,18012,5.66,3550.99,71,25.95,1865682.93
CMP0335,Email,Price Sensitive,147174.54,277565,12030,5.47,2020.28,82,52.42,1306658.72
CMP0336,Display,High Value,194575.83,813962,8120,3.52,7604.23,32,51.62,1193463.5
CMP0337,Social Media,Existing Customers,44453.64,152661,2940,2.89,3238.77,67,31.64,932366.19
CMP0338,Search,Price Sensitive,332093.61,904165,18892,5.61,2083.19,53,24.93,1697004.8
CMP0339,Email,Price Sensitive,409258.2,740369,35159,5.91,1895.93,89,37.01,1738649.49
CMP0340,Social Media,New Customers,208190.56,783200,10889,0.5,3485.11,43,23.08,1008897.01
CMP0341,Social Media,High Value,29873.88,85244,1591,2.75,9674.8,25,37.09,1144338.48
CMP0342,Social Media,Price Sensitive,282858.63,1130785,21465,1.68,2240.04,67,25.55,1064915.32
CMP0343,Search,Price Sensitive,149116.47,333629,9654,5.97,1684.6,16,28.03,1235693.12
CMP0344,Search,High Value,166077.4,329836,14062,7.92,8527.91,48,37.57,1969893.44
CMP0345,Display,Existing Customers,241433.03,619355,6872,3.57,2480.25,68,32.25,1240939.77
CMP0346,Search,High Value,367783.71,1143512,40980,6.84,5842.98,88,46.71,2259124.01
CMP0347,Email,High Value,176459.43,210378,9374,9.99,6870.33,21,51.98,1682022.37
CMP0348,Social Media,Small Business,107992.88,268576,3312,2.95,5415.84,15,32.01,1417922.34
CMP0349,Search,Existing Customers,318620.08,755351,27046,6.19,4002.47,25,35.05,1620760.63
CMP0350,Email,Existing Customers,165418.89,267294,14471,6.06,4649.17,55,45.68,1744013.4
CMP0351,Display,High Value,428509.16,1211653,10649,2.55,5771.86,32,31.16,1647977.68
CMP0352,Display,High Value,232085.01,487094,3316,3.08,5321.54,40,37.09,1147817.78
CMP0353,Social Media,Small Business,394316.8,1727579,33763,0.5,4012.34,69,28.18,1555838.22
CMP0354,Search,Existing Customers,391893.0,765301,39179,6.45,3942.7,10,17.98,1900813.16
CMP0355,Search,High Value,352475.96,1004908,29089,7.29,8758.56,67,25.43,2464496.83
CMP0356,Display,High Value,85895.71,307236,2916,1.99,7835.7,55,48.35,1471816.18
CMP0357,Social Media,New Customers,289706.76,798707,14850,0.9,3024.41,46,19.46,1274982.71
CMP0358,Email,Existing Customers,234215.9,414912,17245,8.17,3381.68,50,44.89,1535004.72
CMP0359,Display,Small Business,317929.23,1246873,5545,0.87,8298.9,12,18.52,1093301.07
CMP0360,Affiliate,Existing Customers,140071.01,304480,8097,5.69,4161.96,49,35.55,1438863.86
CMP0361,Display,New Customers,102630.49,426180,1794,0.5,2399.08,84,20.59,564412.46
CMP0362,Affiliate,New Customers,395973.7,1066569,23675,5.25,2002.26,24,23.8,1318965.12
CMP0363,Search,New Customers,274919.18,510843,18784,5.95,3472.95,7,24.94,1230744.03
CMP0364,Social Media,New Customers,144679.41,489692,5735,3.03,2293.94,16,27.56,689125.22
CMP0365,Search,Price Sensitive,61479.16,269033,14544,4.59,1867.7,63,22.36,656054.64
CMP0366,Social Media,New Customers,243362.84,900078,13516,0.87,2956.6,64,19.61,855937.75
CMP0367,Search,New Customers,127968.08,226798,8705,5.74,4362.66,19,28.06,1477650.34
CMP0368,Search,New Customers,265171.22,647473,34327,4.84,2587.1,13,14.54,1019939.56
CMP0369,Social Media,Price Sensitive,124982.83,535814,11558,2.08,1759.44,81,19.22,1110080.75
CMP0370,Email,Price Sensitive,250524.5,488971,24341,6.1,2602.34,67,33.6,1894839.96
CMP0371,Search,New Customers,333122.94,1055593,34212,7.12,2835.77,62,19.02,1929856.78
CMP0372,Search,New Customers,468146.04,984830,23593,3.58,1692.04,19,27.82,1468399.81
CMP0373,Display,High Value,294756.66,886676,7660,5.31,6399.08,76,34.33,1443495.0
CMP0374,Search,Small Business,250554.54,573015,20295,6.01,5933.41,16,31.38,1788470.86
CMP0375,Search,High Value,315505.1,620370,23121,6.4,9019.33,52,50.55,2293886.03
CMP0376,Social Media,Price Sensitive,146707.45,591099,10646,0.5,1572.65,60,19.98,508512.19
CMP0377,Email,Existing Customers,290105.45,373503,22912,7.64,4306.61,22,40.9,1498708.08
CMP0378,Social Media,High Value,186188.87,488037,8047,4.76,5888.47,35,30.85,1605008.5
CMP0379,Email,New Customers,187589.41,279144,14183,6.59,2538.56,52,42.1,1389458.38
CMP0380,Display,Existing Customers,314244.55,704183,7944,3.87,4622.57,28,32.4,1220062.76
CMP0381,Search,New Customers,428785.0,1332769,43073,4.22,2943.96,75,15.79,1925137.66
CMP0382,Email,New Customers,113745.69,204854,8186,5.75,3152.41,35,30.71,1562169.48
CMP0383,Email,New Customers,318819.58,701233,33487,4.49,3490.9,55,34.45,1720706.05
CMP0384,Search,New Customers,214722.17,707358,27031,5.36,2894.87,78,24.53,1587506.4
CMP0385,Email,High Value,458122.86,444402,20424,11.58,6033.23,41,50.17,2396196.15
CMP0386,Social Media,Small Business,149394.66,450721,7207,3.47,8218.21,42,41.38,1144359.46
CMP0387,Search,Existing Customers,150681.68,274259,12507,6.82,4104.52,38,32.16,1590689.23
CMP0388,Social Media,New Customers,217179.16,980098,17371,2.65,2234.77,17,23.29,1057405.67
CMP0389,Search,Price Sensitive,279719.34,671077,22554,4.84,1880.55,59,27.47,1202013.19
CMP0390,Search,Existing Customers,300660.95,1058276,31673,6.23,3978.27,17,34.99,1599296.41
CMP0391,Email,New Customers,181946.67,320470,20244,7.68,3494.6,65,31.96,1674638.49
CMP0392,Affiliate,Price Sensitive,131831.36,451896,12224,3.46,1653.83,53,23.42,1026009.9
CMP0393,Search,New Customers,334798.81,944484,20365,5.0,1766.93,30,22.36,1875414.32
CMP0394,Display,New Customers,463899.14,1739465,10731,0.79,2754.59,67,25.13,1154690.6
CMP0395,Search,Small Business,190408.2,596092,19478,6.43,5096.56,75,33.6,1944389.64
CMP0396,Display,New Customers,96289.25,279720,1340,0.81,1658.5,17,31.72,312919.71
CMP0397,Search,Small Business,230237.89,664648,18678,4.74,5403.5,57,26.98,2093368.57
CMP0398,Search,Small Business,160031.96,425321,11323,6.59,5138.53,59,28.98,1755630.78
CMP0399,Social Media,Small Business,182877.2,703929,10259,5.02,2684.19,83,31.83,1177530.34
CMP0400,Display,New Customers,307374.73,1081093,7516,1.99,2695.57,29,12.81,775423.84
CMP0401,Display,Existing Customers,437772.33,1210701,10666,1.11,2122.17,41,36.17,1508846.48
CMP0402,Affiliate,Existing Customers,157167.58,266058,5856,5.03,3382.32,76,43.02,1407663.32
CMP0403,Social Media,Price Sensitive,232424.42,1019714,27331,2.96,1448.38,82,21.28,1435368.51
CMP0404,Email,Price Sensitive,140996.73,235209,10916,6.84,1869.94,64,41.74,1027539.31
CMP0405,Email,New Customers,259051.66,356993,23382,4.3,2364.74,33,23.84,1435531.32
CMP0406,Affiliate,Existing Customers,235989.85,621997,21664,6.12,5978.17,73,38.97,1804461.63
CMP0407,Search,New Customers,148938.77,418854,10806,4.13,2379.57,73,28.47,1500075.76
CMP0408,Search,Price Sensitive,307522.81,933629,25377,1.18,1689.25,84,27.0,1252551.13
CMP0409,Email,High Value,327900.02,553661,25506,10.57,9979.21,35,43.11,2210012.37
CMP0410,Display,New Customers,154334.71,699625,3721,0.5,1856.91,26,20.41,589473.53
CMP0411,Social Media,Existing Customers,263457.01,1131674,42344,5.78,4441.6,83,31.0,1518379.83
CMP0412,Affiliate,Existing Customers,287317.16,663637,15960,6.48,4169.38,45,49.38,1487123.38
CMP0413,Affiliate,Existing Customers,94052.33,277263,8147,6.76,4208.38,10,43.34,1202808.17
CMP0414,Email,Small Business,256235.28,434105,21354,6.14,4992.8,52,40.9,2002201.73
CMP0415,Search,Existing Customers,334025.62,890928,47122,7.54,3610.82,42,44.17,1892482.3
CMP0416,Affiliate,Existing Customers,171570.36,221855,7089,7.87,3331.05,13,29.44,1326205.72
CMP0417,Affiliate,Existing Customers,227013.8,562744,15702,4.73,3968.36,49,35.2,1318345.6
CMP0418,Email,Small Business,359544.09,558360,25812,5.09,5837.2,74,57.52,1779610.86
CMP0419,Social Media,Price Sensitive,333891.65,1134563,19979,1.84,1228.8,64,23.94,884111.02
CMP0420,Display,High Value,153610.83,345983,2452,2.61,10000.0,48,42.82,1407531.66
CMP0421,Email,High Value,391725.52,656853,20498,8.49,7182.56,69,59.02,2212153.71
CMP0422,Search,High Value,248331.02,464449,17880,9.17,8994.24,46,43.03,1911742.79
CMP0423,Display,New Customers,174197.34,690523,3124,1.15,2395.55,25,11.56,719986.52
CMP0424,Affiliate,Existing Customers,373840.05,766814,26865,5.51,4390.94,52,31.34,1682582.1
CMP0425,Affiliate,Price Sensitive,375845.68,827257,23426,0.84,1584.96,25,30.17,1505127.97
CMP0426,Social Media,New Customers,98622.55,409896,4969,2.83,2178.15,21,19.18,1002802.44
CMP0427,Affiliate,Price Sensitive,361649.65,1093073,28832,3.58,1662.45,90,15.02,1423617.82
CMP0428,Search,New Customers,184263.15,569809,16135,5.85,2600.68,31,27.14,1297553.42
CMP0429,Affiliate,New Customers,328644.87,881017,13325,5.23,1708.44,32,15.35,948885.34
CMP0430,Affiliate,High Value,79311.32,144277,4992,8.23,9222.5,69,44.78,1608280.4
CMP0431,Display,Small Business,348840.49,1343013,5276,0.5,6446.19,54,11.92,1177855.88
CMP0432,Display,Existing Customers,406149.45,933790,7612,3.61,3637.41,9,36.59,1774486.53
CMP0433,Search,Price Sensitive,414649.99,959476,40492,3.76,2545.67,20,28.92,1968458.98
CMP0434,Email,Price Sensitive,304587.84,604920,31918,6.27,1387.97,29,39.99,1701497.98
CMP0435,Email,New Customers,278016.2,499093,22056,6.47,2730.88,74,31.5,1153424.23
CMP0436,Affiliate,Small Business,150555.85,252872,5029,5.33,5277.26,55,36.26,1659854.98
CMP0437,Social Media,High Value,55107.51,203010,4214,4.64,7934.08,43,41.36,1429397.65
CMP0438,Social Media,Price Sensitive,247611.93,1185918,24230,0.75,1542.72,15,29.34,704181.86
CMP0439,Email,Existing Customers,61384.47,105570,3539,8.8,3500.21,76,46.63,1564399.58
CMP0440,Email,New Customers,363543.99,517456,17932,5.97,2177.76,85,33.47,1617140.66
CMP0441,Email,Small Business,254044.25,382197,15169,7.1,5744.14,56,42.41,1750246.27
CMP0442,Search,New Customers,161200.86,321837,11728,6.51,3001.26,12,19.47,1304472.07
CMP0443,Display,New Customers,173418.8,587145,2553,0.69,5313.15,50,10.9,1089036.78
CMP0444,Display,Price Sensitive,419623.72,1179847,7954,3.24,1884.08,7,19.28,1207235.98
CMP0445,Affiliate,New Customers,164730.17,382228,7102,6.45,3056.29,32,29.09,1148913.51
CMP0446,Display,Small Business,61308.03,245304,1339,2.71,6993.47,76,32.82,1244016.38
CMP0447,Social Media,Existing Customers,54161.92,154799,3147,3.51,3438.89,56,36.26,1081016.29
CMP0448,Affiliate,Existing Customers,373229.36,899688,20258,5.12,4645.52,85,23.08,1703470.21
CMP0449,Social Media,New Customers,120851.38,480477,8288,1.35,3944.09,84,25.55,1251361.43
CMP0450,Search,Small Business,147019.61,350740,9952,5.17,5440.22,52,28.06,1393474.69
CMP0451,Affiliate,New Customers,99537.26,268627,5420,3.09,2703.91,89,26.69,1090973.71
CMP0452,Social Media,High Value,177759.44,668407,20003,6.04,6413.12,79,30.99,1520061.87
CMP0453,Social Media,Existing Customers,451808.55,1085826,32455,4.72,3094.98,18,38.31,1579826.81
CMP0454,Social Media,Price Sensitive,414462.67,1275596,27374,2.12,1284.33,57,36.86,1382750.51
CMP0455,Search,Existing Customers,195412.01,384820,14753,5.6,3020.3,24,23.35,1204782.22
CMP0456,Social Media,Existing Customers,30614.21,91135,1661,3.12,3496.37,50,36.39,998174.68
CMP0457,Display,Existing Customers,59768.09,210339,1824,2.83,3922.89,63,43.07,612783.3
CMP0458,Social Media,New Customers,381188.08,1489584,22691,0.75,2660.72,72,18.71,1304116.14
CMP0459,Affiliate,Existing Customers,46846.46,112218,2359,5.2,3442.97,32,37.95,1363077.38
CMP0460,Display,High Value,39910.9,152933,1025,1.57,6458.83,88,41.43,796782.58
CMP0461,Social Media,Price Sensitive,101948.65,345871,6102,0.5,2174.3,23,18.8,1092984.89
CMP0462,Search,Existing Customers,439530.09,969273,27081,8.8,4727.09,21,41.36,1886678.74
CMP0463,Affiliate,Existing Customers,89998.93,165368,7962,5.33,5314.17,84,39.95,1361200.88
CMP0464,Social Media,Price Sensitive,270990.26,1108945,21277,0.74,1108.43,85,30.04,947089.07
CMP0465,Email,High Value,368913.26,593934,26504,8.64,6142.86,52,49.89,2051019.01
CMP0466,Email,High Value,374550.74,421768,25162,6.04,6259.25,18,48.65,1939704.38
CMP0467,Affiliate,New Customers,24437.01,51971,1403,3.79,2017.76,21,21.58,937083.26
CMP0468,Search,High Value,394333.91,790681,28821,7.19,5716.31,28,51.11,2190740.63
CMP0469,Display,Existing Customers,408127.51,1130150,11906,4.27,2968.0,20,41.08,1604383.94
CMP0470,Display,Existing Customers,335419.29,1320968,11667,1.72,3185.81,77,34.38,1595893.09
CMP0471,Social Media,Price Sensitive,243933.84,1036614,30208,1.38,1354.85,70,25.42,1293302.39
CMP0472,Search,High Value,90254.68,183331,5146,7.52,10000.0,48,49.65,1907580.46
CMP0473,Social Media,High Value,186951.71,548183,9975,4.93,6018.76,38,43.74,1293747.04
CMP0474,Search,Small Business,282724.11,867563,28293,6.87,5266.79,23,37.48,1803317.35
CMP0475,Social Media,Price Sensitive,450287.39,2000000,40717,0.61,1443.23,53,18.26,1608533.54
CMP0476,Social Media,Existing Customers,417588.33,1329128,38284,4.56,2111.97,30,32.63,1728230.29
CMP0477,Affiliate,Existing Customers,154348.0,278411,6883,7.94,3956.31,33,45.4,1818662.42
CMP0478,Email,High Value,334228.94,584566,31444,9.53,6420.33,75,44.88,2504140.54
CMP0479,Display,High Value,56780.26,179823,1219,5.68,6473.75,41,25.7,1375183.87
CMP0480,Display,Small Business,234584.19,770900,4436,2.3,5174.91,74,34.74,1295961.53
CMP0481,Affiliate,Existing Customers,392529.8,1008348,32284,6.99,3061.7,20,34.56,1507468.57
CMP0482,Display,Small Business,207025.6,721911,2940,0.92,4626.21,57,30.51,1577338.36
CMP0483,Search,High Value,36404.34,61552,2554,6.83,8426.28,65,43.09,1468886.91
CMP0484,Affiliate,New Customers,116168.2,331668,7890,4.05,4416.58,67,28.58,878727.49
CMP0485,Social Media,New Customers,304240.64,840388,14271,3.44,2436.55,22,14.19,1047681.98
CMP0486,Email,Small Business,117498.74,189089,9841,7.84,4935.67,79,38.2,1485426.01
CMP0487,Search,High Value,425859.52,1087015,37821,8.2,9121.36,16,38.77,2518984.01
CMP0488,Display,Price Sensitive,374957.57,1460616,9670,3.69,1483.07,67,20.53,1304865.67
CMP0489,Social Media,New Customers,281788.49,757166,14988,2.26,2636.92,12,23.54,1147376.16
CMP0490,Email,Price Sensitive,224421.28,440925,17081,4.52,1478.11,58,52.14,1445189.93
CMP0491,Search,Price Sensitive,205908.11,554448,18945,6.26,2396.27,34,24.31,1391199.4
CMP0492,Search,Small Business,274330.43,541164,14415,6.16,3924.01,30,31.55,1347396.86
CMP0493,Search,Small Business,383507.78,811209,31369,5.25,4426.48,21,26.94,1500081.21
CMP0494,Email,Small Business,97010.5,141803,4698,7.91,5161.14,73,38.73,1846510.93
CMP0495,Display,New Customers,171216.2,614950,2405,2.71,4823.48,71,25.25,1231138.25
CMP0496,Display,High Value,174882.42,493383,4314,4.57,5733.81,15,48.85,983839.68
CMP0497,Email,High Value,129832.24,229887,12755,8.15,7217.09,50,48.78,1599392.1
CMP0498,Social Media,New Customers,44269.05,212306,2671,0.5,1830.16,73,18.55,739675.54
CMP0499,Search,New Customers,219810.39,538671,18958,2.56,2039.72,11,25.72,1222864.61
CMP0500,Email,Existing Customers,311853.62,357348,23251,8.29,4037.12,34,58.01,1660192.0
CMP0501,Social Media,Existing Customers,419907.38,1152249,26826,4.9,5064.23,14,28.49,1449984.65
CMP0502,Search,Price Sensitive,215636.81,522754,13957,3.94,2574.5,41,19.62,1403621.42
CMP0503,Social Media,High Value,189201.54,627328,12218,5.0,6067.99,39,43.17,1800904.65
CMP0504,Display,Small Business,241050.29,804034,5716,3.2,4099.1,17,25.44,1002858.34
CMP0505,Search,New Customers,45762.38,87706,2744,5.89,2845.19,7,26.49,639947.29
CMP0506,Search,High Value,281203.16,792906,24708,8.4,10000.0,46,41.94,1876712.58
CMP0507,Social Media,Small Business,159917.44,382724,7516,1.59,5732.04,24,26.87,1060851.54
CMP0508,Email,High Value,278872.59,414849,19302,8.55,8586.01,22,59.35,2515806.72
CMP0509,Email,New Customers,157821.76,246119,12386,6.02,2643.43,54,30.97,933474.73
CMP0510,Search,Price Sensitive,216902.7,548161,23170,4.49,1634.61,57,22.86,1359971.22
CMP0511,Social Media,New Customers,346877.09,1234645,13760,1.8,3353.24,14,14.25,1205161.44
CMP0512,Social Media,High Value,246779.92,617051,10856,5.73,8337.5,33,38.62,1785666.6
CMP0513,Display,Existing Customers,339358.43,1233264,16280,3.26,2956.57,78,29.18,1572581.35
CMP0514,Email,New Customers,67488.08,128251,7729,7.56,2815.79,39,31.37,1082692.62
CMP0515,Email,Price Sensitive,222242.87,448941,12797,6.56,1700.05,74,41.34,1103383.25
CMP0516,Social Media,High Value,205861.71,814139,16288,3.33,8313.17,9,43.17,1520656.46
CMP0517,Affiliate,High Value,18645.79,29991,742,6.64,8369.37,29,50.43,1416991.78
CMP0518,Search,New Customers,354955.08,908057,33250,4.02,5783.2,41,35.42,1489362.86
CMP0519,Affiliate,Existing Customers,162549.88,363811,12778,7.02,4272.26,22,40.36,931193.5
CMP0520,Affiliate,Existing Customers,125398.59,228722,6357,5.6,3533.61,16,40.4,1568209.94
CMP0521,Display,Small Business,138231.21,501619,2419,1.51,4417.48,21,21.11,965426.67
CMP0522,Email,Price Sensitive,338616.17,528744,21968,5.6,1505.22,39,44.82,1111071.78
CMP0523,Email,New Customers,236663.58,294843,10237,6.48,3631.36,25,39.93,1607947.74
CMP0524,Search,Existing Customers,381936.49,856600,28666,6.07,4123.43,48,46.28,2033869.02
CMP0525,Affiliate,Price Sensitive,31650.99,64951,2308,3.07,1972.92,22,25.57,957339.86
CMP0526,Social Media,New Customers,182512.91,520272,7073,2.09,2957.36,16,19.13,881620.56
CMP0527,Affiliate,Small Business,251760.14,429042,15795,5.67,4284.99,57,28.56,1454208.89
CMP0528,Display,High Value,101456.8,321582,3540,4.76,10000.0,64,35.75,1704150.29
CMP0529,Search,High Value,147091.05,312391,10577,9.05,10000.0,83,39.63,2358888.72
CMP0530,Email,New Customers,137269.41,317619,11583,4.58,4535.5,75,29.57,1354793.69
CMP0531,Email,Existing Customers,236214.76,287524,15487,9.88,4064.43,13,46.67,1653573.83
CMP0532,Social Media,Existing Customers,184753.53,614849,11788,5.73,4057.44,30,44.21,1141332.54
CMP0533,Affiliate,Existing Customers,77997.13,106098,2958,5.28,3329.49,36,29.14,1062098.95
CMP0534,Display,New Customers,356675.47,1662152,5987,2.0,3285.26,90,21.24,1291576.87
CMP0535,Social Media,New Customers,241924.97,910085,10489,2.61,2030.35,62,27.11,1539080.04
CMP0536,Email,Existing Customers,270693.05,361981,17135,8.55,2269.75,32,45.16,1819727.6
CMP0537,Search,Price Sensitive,108323.67,238860,9438,5.8,2290.07,34,35.2,1261814.79
CMP0538,Email,Existing Customers,331620.93,640100,25776,6.11,3562.1,88,49.05,1915105.93
CMP0539,Social Media,Existing Customers,312590.71,1267879,33866,4.31,2907.11,69,35.58,1591161.81
CMP0540,Social Media,New Customers,237513.26,1049053,17636,0.97,1999.03,87,9.67,1159509.37
CMP0541,Display,High Value,433024.1,1454645,8898,1.73,3936.87,31,44.83,1311387.7
CMP0542,Email,Existing Customers,373384.25,788341,30714,9.3,5274.47,80,51.59,1987383.46
CMP0543,Search,Existing Customers,93497.52,176299,7617,5.73,3582.23,20,36.93,1498946.49
CMP0544,Social Media,New Customers,226577.64,776330,9088,3.06,3646.84,23,17.57,1257232.7
CMP0545,Affiliate,New Customers,55799.45,134649,3752,3.52,2374.04,46,31.94,907470.48
CMP0546,Social Media,Price Sensitive,127689.47,370891,9753,1.83,2500.57,46,35.57,1065148.47
CMP0547,Affiliate,Small Business,98623.9,195056,5332,5.8,6267.01,80,41.13,1601639.18
CMP0548,Display,Small Business,176854.84,543594,3370,1.72,3491.76,24,29.7,1405087.48
CMP0549,Display,New Customers,343549.39,1233471,5672,2.74,2399.82,89,19.97,1429907.17
CMP0550,Email,Price Sensitive,74291.76,112618,5105,7.62,1740.17,76,36.22,1191925.33
CMP0551,Display,Small Business,201350.33,874735,3537,3.08,3492.13,80,25.3,1130639.27
CMP0552,Display,Existing Customers,158675.47,502520,4099,3.47,4194.82,28,31.03,867859.27
CMP0553,Search,Small Business,162597.72,688865,17992,6.86,5580.85,90,29.03,1881638.75
CMP0554,Social Media,High Value,102431.39,270041,6019,4.33,9872.6,54,30.51,1310502.67
CMP0555,Search,Price Sensitive,221330.64,590229,11616,2.46,1744.79,17,25.03,1185046.63
CMP0556,Search,New Customers,399086.45,1105574,25839,5.22,3130.06,84,27.31,1309431.84
CMP0557,Search,New Customers,260851.21,734710,26643,6.02,2580.51,90,17.42,1621670.43
CMP0558,Display,Existing Customers,393372.13,1442338,14031,1.6,2072.65,89,35.54,1597096.87
CMP0559,Affiliate,Price Sensitive,312247.34,858928,20157,5.28,1193.46,43,29.0,1866343.28
CMP0560,Search,High Value,295736.91,491888,18104,7.96,8034.21,9,33.85,1954951.64
CMP0561,Social Media,Small Business,367123.94,957931,13242,2.79,4668.68,37,33.73,1600520.22
CMP0562,Search,Existing Customers,165605.46,327258,7788,6.19,5278.88,36,31.89,1421247.78
CMP0563,Affiliate,High Value,280303.67,601975,16728,5.76,9059.01,60,51.56,2244124.56
CMP0564,Social Media,Price Sensitive,484009.33,1805092,33420,4.17,1421.35,63,30.05,1183124.41
CMP0565,Email,New Customers,101521.46,176396,6454,6.84,2660.2,25,28.91,1314515.47
CMP0566,Email,High Value,274950.04,345629,13111,8.27,6342.29,30,53.16,1606917.34
CMP0567,Affiliate,Existing Customers,226144.8,496641,15775,6.01,3494.92,42,30.18,1309500.33
CMP0568,Search,New Customers,461624.32,1569619,37391,1.74,2367.27,51,27.5,1693102.71
CMP0569,Display,New Customers,78343.86,494668,2126,0.5,2390.28,77,15.68,1022371.41
CMP0570,Email,High Value,127569.82,206499,13415,10.36,10000.0,13,58.21,2330158.3
CMP0571,Affiliate,Price Sensitive,341880.05,908486,23419,5.2,2697.89,73,22.99,1200368.63
CMP0572,Social Media,New Customers,125551.58,381424,6696,2.07,2516.19,10,19.99,876204.26
CMP0573,Display,Price Sensitive,85149.31,357017,4824,2.96,1167.11,60,37.36,1024086.17
CMP0574,Social Media,Price Sensitive,145565.92,447597,5992,1.9,1998.45,12,25.74,627045.62
CMP0575,Affiliate,New Customers,99943.98,270554,6916,4.05,2903.43,85,22.07,1302142.11
CMP0576,Affiliate,New Customers,157655.31,336933,7931,3.79,3619.62,22,23.98,936211.17
CMP0577,Social Media,New Customers,40166.23,203139,2923,3.88,2339.8,66,23.28,785609.41
CMP0578,Affiliate,New Customers,274470.1,769899,18075,4.73,3088.44,88,12.18,1495197.35
CMP0579,Social Media,Small Business,252552.58,975727,17206,2.25,4709.17,60,28.82,1137432.63
CMP0580,Social Media,New Customers,150515.02,428504,6396,3.42,1974.17,29,17.86,544816.33
CMP0581,Search,Price Sensitive,205332.19,671674,17611,3.79,1932.17,79,29.6,1118379.25
CMP0582,Social Media,New Customers,58985.41,201606,3598,3.48,3750.38,45,23.12,735098.35
CMP0583,Email,Small Business,291547.34,577000,21955,6.51,4975.01,47,42.67,1557201.41
CMP0584,Email,Existing Customers,301889.47,331258,12702,7.77,4284.59,66,48.41,1627846.54
CMP0585,Display,New Customers,259112.35,888185,4745,3.88,2563.59,13,22.74,747072.4
CMP0586,Search,Existing Customers,123436.44,314687,12293,7.2,5667.54,36,42.8,1588147.97
CMP0587,Affiliate,Small Business,311425.41,552997,10409,3.16,4915.23,26,35.04,972131.27
CMP0588,Search,Price Sensitive,107748.47,278622,8892,3.94,966.51,46,22.14,878700.36
CMP0589,Social Media,High Value,133523.25,293323,5747,5.1,5847.27,30,30.48,1353050.09
CMP0590,Social Media,Price Sensitive,188161.35,807054,11864,2.54,1311.67,72,21.18,1100929.53
CMP0591,Social Media,Small Business,112064.19,377846,6726,1.95,5123.64,80,32.87,1430210.12
CMP0592,Social Media,New Customers,258605.21,792758,10712,0.5,2700.73,13,18.96,937550.86
CMP0593,Social Media,High Value,275174.92,684639,13073,5.11,4528.05,18,45.45,1284783.11
CMP0594,Social Media,High Value,364268.71,1402752,28935,4.21,6223.27,71,35.1,2006101.46
CMP0595,Search,Existing Customers,203077.34,485832,19782,7.4,4790.81,9,22.61,1595855.48
CMP0596,Display,New Customers,165528.57,654157,2029,2.37,2303.0,51,27.52,717018.97
CMP0597,Search,Small Business,332508.85,934707,34422,6.67,3785.8,36,28.17,1712904.03
CMP0598,Email,High Value,104812.85,149902,6817,8.59,6647.78,7,51.43,1617539.56
CMP0599,Social Media,Price Sensitive,113173.83,386904,4352,1.45,1171.67,77,30.99,1076678.56
CMP0600,Search,High Value,236270.63,551616,24298,8.51,7287.55,44,48.83,1457733.95
CMP0601,Social Media,Price Sensitive,337529.62,1289813,27349,1.59,2158.15,22,23.23,1078772.79
CMP0602,Email,High Value,249300.85,349717,26191,6.71,6884.21,84,54.63,2008010.41
CMP0603,Affiliate,Price Sensitive,196993.6,469555,10526,5.13,2797.04,27,32.28,1216800.49
CMP0604,Social Media,Price Sensitive,61900.88,245001,4644,0.5,2226.49,36,27.86,1099707.98
CMP0605,Affiliate,High Value,245755.35,411720,12380,6.17,6946.47,33,39.96,1752316.42
CMP0606,Affiliate,New Customers,369159.03,762116,19296,4.95,1874.93,9,32.92,1689697.31
CMP0607,Display,Price Sensitive,66310.22,291490,2726,1.83,1777.0,48,13.38,458852.78
CMP0608,Search,Existing Customers,130114.29,290120,9784,6.06,4283.05,85,39.74,1478023.46
CMP0609,Display,Small Business,199373.15,741598,3866,0.5,5731.88,41,31.36,1093954.56
CMP0610,Social Media,Existing Customers,173658.15,575948,13875,6.03,2989.59,73,23.76,1443563.57
CMP0611,Search,New Customers,105966.3,293602,8257,6.04,1904.47,66,32.29,1026082.25
CMP0612,Display,Price Sensitive,178571.69,614121,4746,0.78,1477.09,36,9.17,597297.66
CMP0613,Social Media,New Customers,45831.37,137488,1339,2.37,3541.93,33,6.86,578336.98
CMP0614,Email,High Value,192290.98,218203,12390,8.49,8271.07,29,45.4,1688974.76
CMP0615,Social Media,High Value,329610.49,916492,12678,3.39,8729.55,68,36.73,1692814.05
CMP0616,Affiliate,New Customers,37306.83,61306,1823,5.7,2853.51,53,23.8,951433.45
CMP0617,Social Media,New Customers,286867.12,975935,20297,1.34,1686.44,25,28.74,1017356.35
CMP0618,Display,Price Sensitive,239868.8,880844,10624,0.5,1486.55,43,29.29,645343.44
CMP0619,Search,Existing Customers,26873.25,74057,2469,7.23,2553.27,62,32.95,1333591.38
CMP0620,Social Media,Existing Customers,325323.63,1295373,27577,3.84,2824.11,19,41.36,1348405.3
CMP0621,Social Media,Small Business,359028.2,1242256,17370,1.79,5310.19,57,25.15,2288975.11
CMP0622,Social Media,Existing Customers,255854.39,1339416,29153,3.95,3098.62,42,39.13,1407814.64
CMP0623,Search,New Customers,92365.41,181152,5767,6.04,3002.54,63,28.29,1050303.29
CMP0624,Social Media,Price Sensitive,71914.96,395667,8303,1.34,1435.95,64,26.4,712253.37
CMP0625,Search,High Value,146897.82,354786,10260,9.0,5363.74,54,40.46,1542305.71
CMP0626,Search,Existing Customers,255658.36,676549,28261,7.13,3538.88,88,41.02,1492588.66
CMP0627,Email,Price Sensitive,306495.08,529127,27776,4.85,2098.3,31,46.64,1594427.26
CMP0628,Social Media,Price Sensitive,377824.06,1483098,28233,0.73,1529.22,10,32.2,1078926.9
CMP0629,Email,Price Sensitive,57088.58,57202,2814,5.91,2130.86,27,36.82,989291.2
CMP0630,Social Media,New Customers,238357.28,679850,10046,3.75,2090.4,9,21.49,782098.46
CMP0631,Search,Price Sensitive,427143.48,1671860,47713,4.77,1748.66,58,21.42,1739700.15
CMP0632,Display,Price Sensitive,209199.44,701750,5755,1.18,1261.22,27,27.96,1078693.75
CMP0633,Search,Existing Customers,208293.12,535643,25435,8.37,3318.53,45,31.43,1385979.9
CMP0634,Affiliate,High Value,349951.78,722390,20147,5.33,7893.71,75,38.24,1963801.2
CMP0635,Social Media,Small Business,171731.06,654932,12363,2.76,3961.13,90,28.39,1221570.54
CMP0636,Email,Small Business,16409.69,27508,1164,8.54,5441.99,74,37.78,1592196.22
CMP0637,Email,Small Business,198352.54,302918,14509,9.14,5979.79,63,46.93,1882799.02
CMP0638,Display,Small Business,151472.06,523576,2230,0.5,5568.11,35,30.68,1335000.43
CMP0639,Social Media,Price Sensitive,377934.24,1356523,38735,3.76,1613.99,75,20.73,1607353.84
CMP0640,Search,High Value,192560.37,484090,26407,10.03,5473.73,61,31.58,1661169.95
CMP0641,Display,Existing Customers,189845.51,575791,6753,3.0,2761.32,21,41.19,1486963.65
CMP0642,Social Media,New Customers,359183.24,1366913,19820,2.53,3259.74,81,23.2,1616322.82
CMP0643,Search,Existing Customers,172201.24,369273,13696,9.11,5497.13,87,36.16,1828333.13
CMP0644,Social Media,High Value,31502.53,117297,3654,5.74,10000.0,61,44.03,1844161.99
CMP0645,Social Media,High Value,173722.07,545084,14392,5.06,5104.61,10,42.94,1016949.78
CMP0646,Email,New Customers,64804.69,113845,8007,6.11,2872.93,42,40.37,1333497.75
CMP0647,Search,Price Sensitive,130607.99,337364,9428,5.88,1536.13,47,28.65,701913.85
CMP0648,Search,Price Sensitive,269953.02,1125668,32390,3.79,1811.98,57,29.46,1079904.69
CMP0649,Display,Existing Customers,241306.87,667659,7029,3.21,2978.91,15,29.1,1096536.0
CMP0650,Display,New Customers,216719.91,718948,3402,0.9,3372.84,44,20.87,985426.96
CMP0651,Email,Existing Customers,261108.22,337586,15458,10.06,2671.26,47,54.27,1892105.76
CMP0652,Search,Price Sensitive,383828.73,886439,22866,4.53,1990.95,21,26.58,935841.82
CMP0653,Email,High Value,239130.76,341227,14657,7.99,6831.24,7,53.74,1913460.14
CMP0654,Search,New Customers,361042.17,762162,31824,5.6,2563.24,27,17.16,1310701.71
CMP0655,Display,High Value,432845.16,1224562,11589,3.0,6715.65,78,45.55,1919905.13
CMP0656,Email,Existing Customers,166457.59,224793,13543,9.38,3126.22,90,47.14,1500097.78
CMP0657,Social Media,High Value,56284.45,147966,3577,6.02,10000.0,54,28.63,1543997.09
CMP0658,Social Media,New Customers,105268.09,441520,8877,2.46,1533.34,12,23.14,526574.72
CMP0659,Social Media,New Customers,113425.91,431071,6080,1.46,1820.08,81,26.96,1073431.6
CMP0660,Search,New Customers,253518.27,792218,17594,4.7,4167.09,47,30.78,1397644.22
CMP0661,Email,High Value,120172.32,155747,7651,8.58,4263.4,63,65.0,2039700.82
CMP0662,Email,Price Sensitive,255527.19,623355,17286,6.05,2116.19,90,34.25,1340906.15
CMP0663,Social Media,High Value,278983.86,726986,10685,4.22,6026.87,63,46.89,1890429.89
CMP0664,Search,Existing Customers,107214.55,214530,8517,5.74,3420.89,78,42.3,1785697.75
CMP0665,Search,Small Business,108603.34,224269,5672,7.01,4370.32,34,26.5,1383565.92
CMP0666,Search,High Value,225608.31,318786,10813,8.42,6474.53,23,43.04,1977038.84
CMP0667,Affiliate,Existing Customers,409369.97,866942,25011,6.2,4265.57,58,35.53,2018858.67
CMP0668,Affiliate,High Value,77006.26,126132,3159,5.2,6956.09,84,51.31,1345913.97
CMP0669,Search,High Value,176091.24,413898,11551,3.65,10000.0,44,38.11,1866411.15
CMP0670,Affiliate,New Customers,82214.49,206539,7121,5.2,1952.98,26,18.68,1249048.34
CMP0671,Display,New Customers,219008.36,1234838,11260,1.45,2387.48,61,24.71,515230.62
CMP0672,Affiliate,High Value,65862.68,125721,5362,6.25,7518.44,8,40.61,1536365.54
CMP0673,Affiliate,Small Business,258448.7,314341,4444,3.64,4157.27,35,28.95,1391157.36
CMP0674,Social Media,Small Business,334801.93,850109,18120,4.12,5280.54,15,31.07,1449441.45
CMP0675,Search,Small Business,160349.84,506924,17901,5.78,6584.73,44,39.23,1436796.86
CMP0676,Affiliate,Small Business,308774.6,604618,21382,6.22,3440.6,50,43.7,1831466.82
CMP0677,Search,Price Sensitive,180216.54,559874,21808,6.1,1969.52,42,34.13,1479725.09
CMP0678,Social Media,New Customers,263025.83,812905,9075,1.69,2172.55,59,12.63,995676.7
CMP0679,Search,High Value,216079.94,429530,11589,7.64,5543.57,33,39.01,1680257.58
CMP0680,Affiliate,Existing Customers,309714.02,687083,24834,5.38,2750.71,75,28.89,1377579.63
CMP0681,Display,High Value,175304.4,440343,4503,4.47,3427.55,47,36.78,1269360.95
CMP0682,Display,Price Sensitive,312840.27,1235778,10754,2.17,2435.95,54,26.53,784199.51
CMP0683,Display,Price Sensitive,266363.21,1051736,8219,0.5,945.22,61,13.1,1026473.53
CMP0684,Social Media,High Value,48825.92,132288,2071,4.07,8143.06,54,30.8,1352133.26
CMP0685,Affiliate,High Value,230135.91,341204,12828,5.67,10000.0,72,48.63,2060122.25
CMP0686,Social Media,Small Business,86382.93,257154,4151,2.2,5182.68,35,28.29,1102724.4
CMP0687,Email,New Customers,131665.02,307314,17135,7.56,3504.3,26,43.48,1493228.31
CMP0688,Affiliate,New Customers,318019.28,831742,15886,4.15,2055.89,55,34.33,1218434.63
CMP0689,Email,High Value,232412.01,383608,16557,7.96,8217.13,84,52.49,2055627.58
CMP0690,Affiliate,Existing Customers,161648.95,241968,9316,4.79,4404.93,15,40.56,1153125.83
CMP0691,Social Media,Small Business,97882.67,322911,5482,3.95,4784.0,60,39.37,1246677.81
CMP0692,Affiliate,Small Business,112198.3,237564,6611,4.26,3318.18,51,26.44,1311596.44
CMP0693,Social Media,New Customers,130903.94,577893,9105,0.97,3878.31,88,18.59,815263.95
CMP0694,Search,Small Business,242175.66,1068110,29655,7.05,7594.49,87,30.03,2241221.56
CMP0695,Email,Existing Customers,141781.94,162663,8441,11.74,4191.36,48,50.2,1332792.4
CMP0696,Email,Small Business,156319.77,153762,8488,6.93,7608.55,47,29.88,1486561.8
CMP0697,Display,High Value,165467.1,562093,5409,4.12,6192.51,61,45.48,827031.18
CMP0698,Display,Price Sensitive,183203.24,956991,5591,0.5,1237.15,57,21.66,683601.77
CMP0699,Search,New Customers,80563.79,184160,4337,6.48,2704.81,19,30.08,1041388.32
CMP0700,Affiliate,Small Business,313670.33,633866,20285,4.58,7286.23,20,34.07,1252037.67
CMP0701,Display,Small Business,234663.11,563882,3056,0.77,5944.5,48,25.66,1329712.68
CMP0702,Email,Small Business,391017.94,802262,46035,8.7,7999.68,89,50.73,2237000.6
CMP0703,Email,Price Sensitive,65242.38,128770,8411,5.06,2240.73,43,35.3,965364.9
CMP0704,Affiliate,Price Sensitive,411611.88,1034752,21254,4.01,2154.35,78,33.95,1293768.58
CMP0705,Search,Existing Customers,373188.71,695469,27425,7.33,2859.62,26,36.35,2041226.22
CMP0706,Search,Existing Customers,252208.96,595735,23419,7.1,3629.91,41,30.76,1379640.06
CMP0707,Social Media,Existing Customers,221673.94,946464,14915,6.35,2880.27,76,40.17,1639061.4
CMP0708,Search,New Customers,287371.29,770185,21490,4.88,2968.03,43,18.13,1202146.55
CMP0709,Search,New Customers,86942.39,190293,7426,6.4,2262.06,89,19.25,995731.91
CMP0710,Search,New Customers,282258.58,893620,28274,6.11,2777.77,31,28.05,1374694.11
CMP0711,Display,High Value,234649.91,492288,7039,5.73,8032.49,31,34.75,1619267.94
CMP0712,Search,New Customers,47090.39,133004,3762,3.28,2498.0,50,24.7,543484.09
CMP0713,Display,Price Sensitive,203119.97,902197,8224,1.09,2162.37,69,11.09,966843.47
CMP0714,Display,Existing Customers,330482.31,1308166,17341,2.06,5291.0,39,29.2,1278118.08
CMP0715,Affiliate,Small Business,86074.8,189169,5103,4.33,4696.36,88,37.55,1335613.02
CMP0716,Display,New Customers,108779.22,468433,1941,0.52,1948.09,33,6.04,955885.51
CMP0717,Social Media,High Value,50685.24,147444,3381,4.97,9830.1,69,23.29,1335604.08
CMP0718,Affiliate,Price Sensitive,235143.7,387330,8745,4.11,961.25,14,31.67,1019951.87
CMP0719,Search,Price Sensitive,236322.65,491870,15333,2.51,2360.75,32,17.15,1042471.4
CMP0720,Search,Existing Customers,296158.36,677384,28122,3.85,5407.38,70,32.5,1677654.75
CMP0721,Email,Small Business,387873.39,627834,23364,7.45,8084.44,77,45.81,1932863.82
CMP0722,Email,Price Sensitive,418137.48,696342,24721,7.74,1537.16,77,34.36,2038059.9
CMP0723,Social Media,New Customers,308020.66,1246445,28283,2.82,2345.98,54,14.28,1291879.45
CMP0724,Search,New Customers,129614.5,355298,12178,4.77,2975.96,21,23.46,1054201.53
CMP0725,Social Media,High Value,382058.17,1325519,43336,4.05,6766.58,89,37.33,2058627.67
CMP0726,Email,Price Sensitive,289256.53,454156,29017,6.19,1241.83,41,45.2,1536712.48
CMP0727,Display,Existing Customers,427783.86,1715361,21882,4.09,2948.9,75,36.45,1136289.52
CMP0728,Search,Price Sensitive,319377.29,877112,32221,3.84,2373.01,85,31.31,1506512.92
CMP0729,Display,Existing Customers,314895.52,1001125,9903,2.12,4111.97,57,33.72,1161455.54
CMP0730,Email,Existing Customers,299181.77,546355,23739,9.48,3326.69,53,51.1,1704164.13
CMP0731,Search,Price Sensitive,178115.93,536070,15339,3.22,1526.12,14,22.67,1291138.28
CMP0732,Display,Price Sensitive,128475.97,611358,4063,0.5,1414.07,55,26.74,577032.09
CMP0733,Email,Existing Customers,152098.92,186484,13809,6.92,4571.51,44,59.76,1543763.0
CMP0734,Affiliate,New Customers,247782.93,516862,11847,2.01,2256.07,64,21.09,1175232.64
CMP0735,Search,Price Sensitive,444233.64,1661304,33046,3.45,1401.14,47,31.26,1448188.8
CMP0736,Affiliate,Price Sensitive,166168.34,387681,11311,4.13,1706.14,63,31.24,1353663.44
CMP0737,Social Media,Small Business,445844.95,1423912,20905,2.76,4987.7,71,27.81,2334845.85
CMP0738,Search,Small Business,386883.83,1272309,49820,6.39,4122.09,63,31.15,2137695.96
CMP0739,Social Media,Existing Customers,192952.89,778851,16998,2.88,2684.97,46,28.35,1405819.38
CMP0740,Social Media,Price Sensitive,249169.05,1037804,15602,2.0,1010.65,55,32.56,1066836.23
CMP0741,Display,Existing Customers,399779.17,1265355,15348,0.97,3308.43,43,26.04,900254.47
CMP0742,Display,New Customers,112635.59,445646,2055,0.5,2332.6,16,9.4,605905.89
CMP0743,Affiliate,Price Sensitive,210737.07,474561,18911,4.61,2298.15,65,26.95,1136779.94
CMP0744,Social Media,New Customers,212386.92,574250,8033,2.76,2440.06,15,17.75,665387.69
CMP0745,Email,Small Business,260169.88,287837,9493,7.52,6175.16,22,47.25,2000112.62
CMP0746,Email,New Customers,266947.73,309065,10168,7.27,3209.83,13,42.17,1240663.49
CMP0747,Social Media,Small Business,271456.68,737450,13255,4.48,4227.23,57,30.53,1736220.97
CMP0748,Social Media,Price Sensitive,367177.27,1482719,41419,0.5,1333.75,53,32.93,1180194.76
CMP0749,Search,New Customers,106752.96,365732,8366,5.01,3788.18,78,35.81,1211025.73
CMP0750,Search,High Value,199060.15,377626,13693,7.76,6206.47,40,29.39,1780356.14
CMP0751,Affiliate,High Value,273520.81,569851,23781,5.7,7712.3,24,40.72,1918217.25
CMP0752,Display,Existing Customers,290115.52,637964,6189,3.39,3162.89,35,19.09,924148.8
CMP0753,Affiliate,Existing Customers,416424.28,1161365,44815,5.1,2878.36,27,28.57,1784004.85
CMP0754,Social Media,High Value,163628.49,552857,15230,4.37,7026.21,49,47.16,1700484.28
CMP0755,Social Media,Price Sensitive,124943.54,488961,10504,2.04,1252.4,62,24.6,789771.82
CMP0756,Search,New Customers,89728.24,243202,9758,4.19,2838.74,28,15.22,980522.57
CMP0757,Affiliate,Small Business,489104.67,1864487,128297,12.96,8443.92,86,55.37,3561542.11
CMP0758,Display,Existing Customers,179060.23,642372,6654,2.63,3324.56,83,42.26,1188810.41
CMP0759,Search,Small Business,351682.16,1079295,23212,4.09,7647.55,73,36.92,1799434.77
CMP0760,Search,Price Sensitive,190664.05,718602,20096,3.65,1738.2,69,26.61,1214558.08
CMP0761,Social Media,New Customers,117112.78,413818,6855,3.9,4256.48,46,25.94,793028.72
CMP0762,Email,Price Sensitive,384592.64,770173,39199,5.42,2533.94,66,43.3,2350398.59
CMP0763,Email,Small Business,78001.55,119482,5683,5.83,6363.02,47,51.71,1598271.55
CMP0764,Social Media,Small Business,125951.88,442863,5743,4.48,3659.96,61,25.39,1273914.41
CMP0765,Social Media,Small Business,309146.4,1094782,17179,4.14,5131.65,17,31.27,1554150.12
CMP0766,Affiliate,Existing Customers,195695.18,294208,6951,5.54,3093.08,74,36.83,1426372.74
CMP0767,Display,Price Sensitive,144297.29,696444,7463,0.5,1373.97,46,20.32,629936.02
CMP0768,Affiliate,New Customers,336118.22,834241,21943,6.49,4414.25,85,27.49,1712570.63
CMP0769,Display,New Customers,81782.42,320471,1605,0.5,3395.01,52,23.43,942386.99
CMP0770,Email,Price Sensitive,423473.43,658137,34169,4.59,3002.82,66,43.58,2052429.8
CMP0771,Email,High Value,372250.47,436449,20424,7.83,5051.99,42,53.84,2227262.54
CMP0772,Search,New Customers,181735.05,383865,14218,4.73,2738.03,12,29.31,959124.47
CMP0773,Affiliate,Existing Customers,371537.69,1073676,52080,5.59,3310.0,81,34.77,1971307.64
CMP0774,Display,Existing Customers,125577.67,350417,3153,1.71,3981.43,79,25.58,900529.0
CMP0775,Email,Price Sensitive,356342.98,615948,30350,4.23,1882.8,24,37.99,1541647.15
CMP0776,Search,Small Business,129106.49,330331,15819,5.6,3057.29,41,29.7,1214092.9
CMP0777,Affiliate,Small Business,132659.94,280199,5759,3.83,3251.21,85,26.61,1210245.07
CMP0778,Social Media,New Customers,154292.08,553237,7136,4.12,2271.76,48,19.33,1429506.4
CMP0779,Affiliate,Existing Customers,115180.4,215617,6760,5.01,3202.7,22,34.69,1197926.16
CMP0780,Social Media,New Customers,287666.03,932505,15106,2.86,3638.39,17,22.54,1007882.01
CMP0781,Search,New Customers,100763.4,238494,7178,4.45,2641.17,60,26.66,1147030.14
CMP0782,Email,Existing Customers,344346.35,586362,21216,7.07,4151.29,72,49.69,1671984.13
CMP0783,Search,Small Business,246453.15,636244,24332,5.34,5299.17,63,27.51,1472281.23
CMP0784,Affiliate,Existing Customers,106172.27,250523,9019,6.26,3499.81,89,29.8,1284898.29
CMP0785,Display,New Customers,213965.65,816543,2850,2.24,3824.93,41,24.06,989350.79
CMP0786,Search,New Customers,365699.9,1362965,42122,7.91,1764.55,70,27.26,1826660.71
CMP0787,Social Media,High Value,224922.74,397487,9132,4.11,7945.17,9,41.31,1854573.85
CMP0788,Social Media,New Customers,198775.38,640745,8139,1.45,1797.9,15,21.06,813013.52
CMP0789,Search,High Value,162539.34,709370,19842,5.95,6557.1,78,52.89,1902277.12
CMP0790,Social Media,New Customers,163384.57,594172,9273,2.6,1981.77,52,10.3,1254039.56
CMP0791,Social Media,Small Business,291777.19,1020746,17167,5.36,4027.09,90,25.69,1642217.59
CMP0792,Affiliate,Existing Customers,370109.89,504252,11783,6.33,3936.05,44,39.17,1583526.63
CMP0793,Search,New Customers,450941.3,1296909,34183,3.34,3642.01,80,26.04,1825603.98
CMP0794,Affiliate,Existing Customers,73710.38,145602,4315,3.4,2913.61,30,38.82,1343360.51
CMP0795,Social Media,High Value,127349.98,434202,8827,5.22,8300.19,80,26.64,1671027.8
CMP0796,Email,New Customers,290347.12,423594,22765,5.96,3733.69,36,31.63,1585424.48
CMP0797,Search,Small Business,51641.81,100780,3489,4.18,8175.06,36,30.52,1368542.82
CMP0798,Display,New Customers,405961.87,1508111,6825,0.5,2395.7,73,12.29,1209873.0
CMP0799,Display,High Value,207682.76,685073,6513,4.05,6725.98,35,41.22,1430876.36
CMP0800,Affiliate,Price Sensitive,267533.92,600905,13640,4.41,2098.81,30,25.84,947476.76
CMP0801,Search,New Customers,233981.36,511013,14310,5.03,2861.03,56,18.19,1311792.61
CMP0802,Email,Price Sensitive,388743.19,798864,54891,5.07,1903.58,32,38.84,1753209.56
CMP0803,Social Media,Existing Customers,225089.07,784818,13161,3.85,5257.17,56,21.7,1497723.96
CMP0804,Social Media,New Customers,157812.34,748287,14694,2.7,2352.97,79,17.57,1277588.97
CMP0805,Email,Existing Customers,49504.78,78090,4550,8.37,3275.22,89,51.2,1681659.7
CMP0806,Search,Small Business,130347.89,237541,7881,6.87,4987.28,12,37.13,1585388.81
CMP0807,Social Media,Price Sensitive,191003.81,717959,16768,2.06,1251.71,12,23.63,568654.14
CMP0808,Search,High Value,119819.79,291525,9196,8.2,8554.33,13,38.0,1568045.53
CMP0809,Search,Small Business,343823.9,760140,15851,4.71,6033.9,15,34.9,1695086.69
CMP0810,Social Media,High Value,204992.5,658524,12337,4.5,6769.99,45,44.17,1422402.02
CMP0811,Search,New Customers,46500.68,110399,3145,5.07,2814.1,52,30.95,1257292.91
CMP0812,Display,High Value,73648.03,255331,2490,4.42,6187.69,58,33.87,1295810.58
CMP0813,Affiliate,Price Sensitive,349851.78,879423,25433,3.58,1771.83,41,28.46,1424388.79
CMP0814,Email,Price Sensitive,179299.99,208204,8172,5.23,1944.19,23,35.91,873143.3
CMP0815,Affiliate,High Value,280656.87,640263,17474,5.95,6556.06,77,42.99,1815203.52
CMP0816,Search,High Value,319805.39,663940,22213,6.78,6294.75,44,28.28,2287291.43
CMP0817,Display,Price Sensitive,345435.5,1466188,10187,0.96,1666.28,22,23.92,1295818.65
CMP0818,Search,Small Business,218994.67,492910,11527,4.61,4439.83,33,34.75,1268360.37
CMP0819,Affiliate,New Customers,251566.59,717063,25680,5.32,2853.15,46,24.73,1150781.01
CMP0820,Search,Existing Customers,135955.66,304789,11732,6.58,2825.46,50,40.69,1384394.82
CMP0821,Social Media,Small Business,97095.71,349166,4505,4.09,4305.28,53,22.68,1161080.56
CMP0822,Display,New Customers,151616.34,574355,2799,2.3,1834.17,41,15.79,877992.16
CMP0823,Display,Existing Customers,255954.8,1189099,10936,2.04,3427.62,75,26.6,1280202.09
CMP0824,Email,Existing Customers,28613.32,75015,4100,7.99,2955.28,53,42.72,1362280.04
CMP0825,Email,New Customers,189673.22,336329,12226,6.16,2947.23,38,42.38,1917583.77
CMP0826,Display,Price Sensitive,377757.53,1194452,10771,2.56,1319.92,25,13.49,837288.62
CMP0827,Affiliate,Price Sensitive,300150.8,797953,31473,2.65,1166.02,27,25.14,942949.22
CMP0828,Affiliate,Existing Customers,204187.81,448304,12316,6.28,5800.87,37,45.95,1210692.01
CMP0829,Display,Existing Customers,430735.0,999359,8325,0.5,3292.8,27,33.12,1296345.89
CMP0830,Search,Existing Customers,162366.92,342932,9933,6.14,2990.51,79,36.57,1450142.96
CMP0831,Search,High Value,330974.88,752020,26297,7.04,7204.5,90,49.88,2164229.79
CMP0832,Display,New Customers,277575.08,853548,3065,0.5,1481.92,16,26.74,838974.1
CMP0833,Affiliate,Existing Customers,421298.32,750069,24217,5.95,3994.2,84,50.42,2155701.32
CMP0834,Display,Small Business,379139.25,1711887,8138,2.68,5909.94,31,16.04,1847296.71
CMP0835,Search,Small Business,347106.05,823897,36481,6.48,5097.3,52,34.42,1947785.37
CMP0836,Search,Existing Customers,416461.41,700908,24205,5.6,3128.0,10,40.12,1572039.87
CMP0837,Email,High Value,222237.91,335814,14128,10.45,5959.69,71,61.07,2140743.22
CMP0838,Display,New Customers,395611.06,1038897,5411,1.47,2748.29,34,9.78,784465.47
CMP0839,Display,Existing Customers,259962.13,751716,7712,0.97,4689.77,51,32.18,962948.48
CMP0840,Affiliate,Small Business,266676.62,400964,13941,5.28,5770.17,18,29.89,1465174.03
CMP0841,Social Media,New Customers,211788.63,635074,8869,3.34,2270.14,59,11.92,1212938.76
CMP0842,Search,Small Business,254134.95,377075,15399,5.75,3888.2,15,24.62,1228558.09
CMP0843,Affiliate,New Customers,355790.61,948498,25355,3.81,2813.49,85,31.06,1311321.86
CMP0844,Affiliate,Existing Customers,425747.72,796240,22696,8.96,4457.47,55,30.34,2041972.71
CMP0845,Email,Existing Customers,74125.99,100137,4997,7.13,4181.33,21,55.77,1170801.78
CMP0846,Social Media,New Customers,367240.91,1672127,16261,2.62,2525.64,62,18.47,1216120.51
CMP0847,Affiliate,High Value,245449.56,408065,9099,5.49,8633.39,72,52.84,1833857.65
CMP0848,Search,Existing Customers,414195.59,1177592,39729,7.12,4947.74,8,40.2,1784762.9
CMP0849,Affiliate,Existing Customers,240342.77,663643,20138,6.6,5296.89,85,41.46,1555133.22
CMP0850,Affiliate,New Customers,85105.45,192129,4628,3.9,3652.08,83,24.52,1139054.55
CMP0851,Email,New Customers,67458.26,130578,6146,7.97,3511.59,54,33.62,947720.19
CMP0852,Search,New Customers,237179.61,535614,11607,5.29,3235.01,57,33.43,1226765.29
CMP0853,Affiliate,Small Business,149721.24,336039,6267,5.11,4099.19,72,32.8,1340548.23
CMP0854,Search,New Customers,337373.95,1040928,34571,4.59,3220.86,58,34.27,1832432.54
CMP0855,Affiliate,Price Sensitive,323058.64,852231,18596,4.05,1679.9,86,33.18,1557099.36
CMP0856,Display,High Value,74713.74,261620,2238,3.65,7700.3,82,25.17,1663547.49
CMP0857,Search,High Value,91483.45,168476,7705,8.79,7500.35,10,36.47,1446976.11
CMP0858,Display,Small Business,335708.06,842109,5700,3.05,3412.46,29,22.31,1253830.0
CMP0859,Display,New Customers,220280.32,867629,4148,0.75,2678.97,25,5.82,892894.44
CMP0860,Affiliate,Existing Customers,109993.65,309788,10174,5.29,4649.23,30,37.78,1164783.43
CMP0861,Email,Existing Customers,164325.34,181413,8659,8.78,2898.44,68,50.46,1691127.24
CMP0862,Social Media,Price Sensitive,212100.27,1486305,30434,2.39,1900.92,84,22.06,778149.3
CMP0863,Social Media,Price Sensitive,289228.67,1141889,31172,0.98,1665.68,42,21.15,1046590.54
CMP0864,Social Media,Small Business,266986.13,797926,11239,3.11,4241.48,29,20.5,1066535.76
CMP0865,Display,Price Sensitive,162923.23,706966,5829,2.22,2226.36,79,35.36,946648.5
CMP0866,Email,Price Sensitive,395615.09,712490,29008,5.0,1811.73,46,35.38,1390658.55
CMP0867,Social Media,Small Business,408306.48,870914,20947,5.04,4633.01,41,16.07,1961882.27
CMP0868,Social Media,Price Sensitive,210413.68,552121,9509,1.86,1320.0,29,18.1,960440.39
CMP0869,Search,New Customers,293818.33,589154,23551,5.52,3687.59,16,23.84,1705185.65
CMP0870,Affiliate,New Customers,315229.53,758264,20459,2.95,3270.78,52,24.69,1370106.68
CMP0871,Affiliate,Existing Customers,220323.51,323541,11507,7.05,3815.98,8,41.19,1112601.29
CMP0872,Search,Price Sensitive,75931.17,243390,9522,3.01,1768.63,53,30.46,665473.27
CMP0873,Social Media,Small Business,167736.62,522892,11730,3.27,4915.2,28,27.71,1053074.81
CMP0874,Search,New Customers,147021.53,354791,10316,5.93,3281.03,23,26.87,1149422.05
CMP0875,Affiliate,New Customers,210873.79,471301,8623,1.86,3311.69,73,19.85,841321.99
CMP0876,Display,Price Sensitive,46206.77,115794,784,1.79,1304.59,49,20.27,933671.48
CMP0877,Email,Price Sensitive,260927.03,409592,14013,5.56,2506.41,81,49.12,1590380.78
CMP0878,Email,Price Sensitive,363592.78,350622,11887,8.17,2556.72,25,44.31,1355057.13
CMP0879,Email,New Customers,184643.3,315529,14584,6.47,3169.04,68,32.55,1520176.05
CMP0880,Affiliate,High Value,265412.34,384976,10232,4.79,6483.84,58,36.28,1841905.92
CMP0881,Social Media,Small Business,277448.36,1087059,19177,5.35,6501.64,74,23.94,1304011.36
CMP0882,Display,New Customers,283473.4,847353,3149,0.62,2465.09,11,17.77,671430.77
CMP0883,Affiliate,New Customers,225147.03,506749,15439,2.11,4854.39,11,18.93,1497201.44
CMP0884,Affiliate,High Value,224757.09,365878,15362,7.42,9712.53,24,41.16,1675911.58
CMP0885,Search,New Customers,295405.65,1005086,28899,4.17,3530.74,36,32.32,1564991.68
CMP0886,Search,New Customers,265515.73,785496,16905,6.72,4470.77,67,19.63,1716362.07
CMP0887,Display,Small Business,140980.67,313393,1254,1.17,4973.61,66,24.31,664876.04
CMP0888,Social Media,High Value,237198.28,618440,13235,4.96,6516.81,23,43.25,1731325.28
CMP0889,Social Media,New Customers,125119.72,495646,9209,1.98,1863.75,56,16.78,865612.03
CMP0890,Search,High Value,211864.57,421035,8160,7.4,10000.0,26,38.3,1784531.4
CMP0891,Social Media,Existing Customers,329740.27,942014,20967,4.03,2452.87,18,30.92,1288592.77
CMP0892,Email,Small Business,300709.42,502673,20788,8.35,5541.53,88,34.01,2204505.73
CMP0893,Affiliate,Price Sensitive,136905.87,436434,12734,4.91,1536.64,52,23.26,1159043.36
CMP0894,Social Media,Small Business,210368.06,582620,15873,4.83,4028.61,65,16.39,1502880.54
CMP0895,Affiliate,Existing Customers,281199.03,865652,26760,6.47,4076.13,54,44.16,1836826.5
CMP0896,Display,Price Sensitive,159205.82,570485,4602,0.53,1389.64,69,22.75,807793.88
CMP0897,Affiliate,Price Sensitive,152744.1,414193,8962,5.85,2555.09,81,35.46,1174273.03
CMP0898,Email,High Value,400409.45,522863,25670,8.38,6647.37,39,61.76,2536796.0
CMP0899,Search,New Customers,188334.79,535820,16032,6.02,1316.48,75,15.7,1095819.66
CMP0900,Search,Price Sensitive,342462.91,1406493,61233,3.45,1796.19,36,33.11,1836540.09
CMP0901,Social Media,New Customers,389614.74,1426194,26751,2.9,2158.81,79,11.98,1567550.48
CMP0902,Display,Price Sensitive,327685.77,1506616,8687,0.5,1680.28,89,18.25,945648.22
CMP0903,Display,Small Business,237110.33,940884,6170,4.57,4374.51,80,28.49,1321540.47
CMP0904,Search,High Value,273888.58,647709,23083,8.11,8574.58,86,41.01,1948922.75
CMP0905,Search,Price Sensitive,333464.28,860157,30680,5.51,1203.29,67,21.9,1418541.96
CMP0906,Email,New Customers,367281.7,484767,19632,4.23,4216.87,41,39.54,1326594.55
CMP0907,Social Media,New Customers,202313.48,676323,7395,3.77,2430.07,47,8.68,1250392.89
CMP0908,Social Media,High Value,373316.14,1277671,25499,5.42,3949.19,77,36.24,1610367.19
CMP0909,Display,Existing Customers,292244.25,810126,8513,3.11,3166.27,25,26.08,618189.88
CMP0910,Email,Existing Customers,281975.15,316604,15367,7.57,4272.84,42,51.63,1661868.42
CMP0911,Affiliate,Price Sensitive,270775.21,638647,13657,4.38,1549.88,14,29.94,1279064.11
CMP0912,Email,Price Sensitive,333297.32,510471,32185,5.49,1664.45,33,28.86,1434167.02
CMP0913,Display,Price Sensitive,49521.75,262061,1372,1.72,1181.36,68,23.17,625245.77
CMP0914,Search,Price Sensitive,301620.3,828151,25615,3.65,2151.34,69,35.57,1340544.06
CMP0915,Email,Price Sensitive,458247.79,924806,41510,5.57,1703.92,47,39.56,1542326.32
CMP0916,Email,New Customers,133956.44,216111,8871,5.7,2577.66,28,35.73,1478460.34
CMP0917,Search,Existing Customers,88152.66,187923,7257,5.8,4910.73,23,40.15,1328367.6
CMP0918,Search,New Customers,166618.27,260609,6151,6.35,3174.91,12,18.93,841920.73
CMP0919,Social Media,Price Sensitive,88285.69,459667,6641,2.81,1399.3,65,21.82,902901.2
CMP0920,Search,Price Sensitive,336347.88,1128762,46478,3.95,2456.69,18,23.25,1602102.71
CMP0921,Social Media,Existing Customers,101184.26,453775,11240,2.52,2413.03,84,41.96,766311.69
CMP0922,Email,High Value,192213.18,274738,14369,7.61,10000.0,77,60.6,2017528.17
CMP0923,Email,Price Sensitive,223252.17,261782,10558,5.2,1197.51,53,38.31,824951.49
CMP0924,Search,Small Business,243031.64,725704,27785,4.5,5882.74,82,36.55,1550835.99
CMP0925,Affiliate,Existing Customers,276757.06,664235,11914,5.74,2858.23,82,38.23,1458688.92
CMP0926,Display,Price Sensitive,250627.73,1157306,8679,1.01,1552.01,47,18.57,760115.89
CMP0927,Display,New Customers,103264.54,423260,2176,3.79,3004.28,25,21.22,568050.79
CMP0928,Affiliate,Existing Customers,72081.74,157556,4315,3.98,4104.92,88,37.96,1412298.9
CMP0929,Affiliate,Existing Customers,340806.0,541605,14743,5.77,4537.92,24,43.35,1595094.62
CMP0930,Affiliate,Existing Customers,193731.27,376268,10803,7.43,3572.63,60,37.03,1117539.87
CMP0931,Social Media,Price Sensitive,362520.28,1481516,25486,3.29,1161.85,45,41.9,1266275.67
CMP0932,Search,New Customers,221491.08,610130,21556,4.27,3405.61,77,33.07,1812774.34
CMP0933,Search,Existing Customers,156190.31,333988,8931,6.31,3784.6,51,31.34,1509762.24
CMP0934,Social Media,Existing Customers,219731.87,796960,12557,3.95,5421.08,64,31.44,1195625.85
CMP0935,Search,High Value,168315.26,305276,13005,7.44,7476.22,81,44.12,1528393.62
CMP0936,Search,Existing Customers,191861.89,396800,13726,4.31,3296.07,85,31.85,1117022.13
CMP0937,Affiliate,Price Sensitive,203342.6,447955,10352,1.27,2060.46,21,35.66,590166.03
CMP0938,Social Media,Existing Customers,43082.09,125534,2308,3.89,4545.63,70,29.0,1142785.79
CMP0939,Affiliate,New Customers,21177.18,63836,1470,3.26,2196.58,81,28.94,953603.8
CMP0940,Email,Existing Customers,193665.12,276856,13174,6.93,4094.11,44,34.81,1572789.43
CMP0941,Email,New Customers,324319.6,490873,17055,4.59,3418.53,11,43.02,1372227.41
CMP0942,Email,Price Sensitive,321118.3,610742,27087,5.65,2054.34,37,38.65,1355886.47
CMP0943,Search,High Value,205264.67,381549,12280,5.77,7323.84,8,46.87,1723317.25
CMP0944,Affiliate,High Value,102816.13,250836,6942,6.35,5957.9,75,46.09,1640962.12
CMP0945,Social Media,Existing Customers,189013.04,532311,11843,4.06,3043.68,50,30.5,1077823.06
CMP0946,Social Media,Existing Customers,465064.02,969844,29832,4.96,3692.19,15,36.98,1575138.6
CMP0947,Social Media,Existing Customers,151330.69,648637,13791,5.45,2813.33,86,35.62,1192843.86
CMP0948,Search,Existing Customers,241448.77,417122,15388,5.56,2721.54,32,38.91,1460932.43
CMP0949,Email,Existing Customers,107457.03,163683,8822,8.67,4469.45,55,54.8,1629258.5
CMP0950,Search,Small Business,287045.28,651766,21599,3.77,3838.73,30,30.64,1490998.0
CMP0951,Email,Small Business,108341.16,230089,10668,7.25,6080.57,81,57.41,1626583.18
CMP0952,Affiliate,Existing Customers,156832.54,234273,7679,6.77,2709.39,8,33.15,1184292.67
CMP0953,Search,New Customers,74306.49,274428,11797,5.29,3674.06,77,30.28,1106781.32
CMP0954,Display,New Customers,53745.61,217294,718,0.5,2901.61,69,14.19,733554.27
CMP0955,Affiliate,High Value,140828.16,261236,8471,5.68,10000.0,56,57.04,1856516.31
CMP0956,Email,Price Sensitive,338820.75,608965,22593,6.42,2004.08,84,33.64,1690683.65
CMP0957,Email,New Customers,282865.1,437779,15447,6.33,2733.11,72,39.65,1532532.99
CMP0958,Search,Price Sensitive,330038.96,1250219,49605,4.78,1498.28,23,37.79,1670324.59
CMP0959,Search,Price Sensitive,167666.83,439191,10453,5.01,2086.74,70,29.28,1029374.37
CMP0960,Search,High Value,134250.79,404083,15076,8.28,9315.71,82,38.75,2222443.08
CMP0961,Search,New Customers,272699.86,464710,12456,3.79,4548.45,33,27.21,957905.27
CMP0962,Search,Small Business,303523.69,868721,30977,5.03,6940.2,89,29.85,2032635.16
CMP0963,Email,High Value,148547.18,227464,8933,8.48,6729.09,81,58.05,2107190.15
CMP0964,Search,New Customers,168715.71,486557,11450,3.3,2602.39,27,21.78,1421029.78
CMP0965,Display,New Customers,202418.85,938698,4342,0.5,2851.16,18,13.72,875965.6
CMP0966,Display,Small Business,329967.26,1072872,7080,3.23,4798.52,7,23.77,1059976.66
CMP0967,Affiliate,Price Sensitive,54777.94,157213,4827,6.03,1551.81,63,35.38,807045.59
CMP0968,Email,High Value,298492.39,347262,13266,8.65,8987.07,10,55.58,1709381.61
CMP0969,Display,Price Sensitive,217101.56,950284,5893,1.12,1317.42,8,22.03,755887.56
CMP0970,Social Media,High Value,339461.89,1297545,28366,5.85,4137.62,60,45.3,2181387.29
CMP0971,Search,Small Business,267955.6,816018,28772,4.37,6333.27,28,35.07,1742341.84
CMP0972,Search,Price Sensitive,415097.75,1214916,34985,6.62,1720.91,66,24.31,1450327.76
CMP0973,Search,Existing Customers,228976.29,717978,18478,8.37,3302.28,33,29.28,1631164.86
CMP0974,Display,New Customers,396055.65,1380587,6406,0.87,2614.29,42,21.38,788621.2
CMP0975,Display,New Customers,269595.54,1006016,4429,1.82,3171.43,40,19.45,1226158.71
CMP0976,Email,Existing Customers,288441.5,423908,22009,7.02,2901.37,79,58.26,1998466.22
CMP0977,Search,Existing Customers,171945.28,495364,31421,7.91,2851.06,47,41.38,1539384.25
CMP0978,Social Media,Price Sensitive,285902.05,1066219,14057,1.66,2345.61,16,21.23,688703.51
CMP0979,Affiliate,Price Sensitive,153285.48,329378,11880,2.35,3252.76,43,32.36,740431.08
CMP0980,Display,Existing Customers,118474.12,486728,6561,2.47,4136.13,71,28.33,1045216.83
CMP0981,Display,Existing Customers,165074.49,714011,5794,3.91,5369.05,49,32.36,1102089.73
CMP0982,Search,High Value,317194.8,710814,26313,6.33,7242.38,43,50.38,2140546.64
CMP0983,Social Media,Small Business,252428.25,652390,12606,3.46,4691.19,30,39.89,1143834.3
CMP0984,Social Media,High Value,351189.09,886468,20111,4.33,7854.46,33,31.72,1660205.6
CMP0985,Search,Price Sensitive,236232.33,645627,27078,4.3,1487.6,40,29.98,975830.38
CMP0986,Social Media,New Customers,212966.93,886634,12718,1.85,2190.73,47,21.11,1020625.16
CMP0987,Search,Price Sensitive,185111.16,563138,27349,3.17,2646.14,69,35.65,1168403.94
CMP0988,Social Media,Existing Customers,405824.91,1172964,30919,4.9,4102.92,82,25.37,2316127.6
CMP0989,Search,Small Business,172648.1,458085,13975,7.1,7070.82,65,29.68,1649153.33
CMP0990,Social Media,Existing Customers,30770.3,75088,1256,3.48,2421.98,16,36.47,582803.21
CMP0991,Search,New Customers,378860.74,1136263,42799,5.28,3084.56,73,32.97,1800927.79
CMP0992,Email,New Customers,429617.38,604247,23859,6.19,2349.6,81,37.87,1806603.76
CMP0993,Search,Price Sensitive,378318.61,1188841,45370,4.63,1853.19,17,30.22,1815239.05
CMP0994,Search,New Customers,262783.24,613497,21610,5.72,2561.03,76,19.84,942396.01
CMP0995,Search,High Value,121160.76,229287,6933,7.91,7332.71,33,41.88,1701930.47
CMP0996,Display,Existing Customers,231357.85,819970,13746,3.87,3351.82,75,26.04,1551731.05
CMP0997,Social Media,Price Sensitive,257614.75,1070854,21712,1.23,1671.37,71,38.29,1180806.4
CMP0998,Display,New Customers,141322.55,592908,4019,2.12,2829.18,72,26.87,1099955.89
CMP0999,Social Media,Existing Customers,164086.36,467472,8705,5.66,3805.05,61,29.07,1318688.72
CMP1000,Affiliate,High Value,187031.05,329623,6523,5.97,5976.2,55,39.93,1542845.73
CMP1001,Social Media,New Customers,104787.0,523264,10043,2.32,3116.78,76,15.56,803156.9
CMP1002,Affiliate,New Customers,302080.66,981873,22320,5.79,2109.51,67,21.49,1391814.69
CMP1003,Display,Small Business,458979.29,1124924,6655,4.33,5997.7,52,30.92,1687963.23
CMP1004,Affiliate,New Customers,54023.73,154474,3294,4.86,3489.66,66,20.29,1000983.07
CMP1005,Affiliate,New Customers,161250.44,408498,11819,4.71,2101.64,55,40.12,1339020.57
CMP1006,Email,Existing Customers,182271.71,246776,16020,7.91,5959.82,77,49.02,1641633.55
CMP1007,Search,High Value,169461.84,412071,20568,7.46,6087.43,85,45.1,2033130.4
CMP1008,Display,High Value,126943.31,391101,2898,3.87,7116.61,52,41.28,1356319.87
CMP1009,Display,Small Business,82711.38,393244,2371,1.61,6841.9,67,35.63,988519.86
CMP1010,Search,Small Business,70320.46,167157,6048,7.13,3413.47,36,30.29,1233827.76
CMP1011,Social Media,Price Sensitive,65856.85,292219,4134,3.37,1435.3,88,20.9,875973.05
CMP1012,Display,Existing Customers,295872.54,1739472,17080,1.61,2317.4,75,26.46,1299363.06
CMP1013,Social Media,Existing Customers,406170.66,1217232,41027,1.17,5571.43,33,40.55,1823223.44
CMP1014,Email,Existing Customers,285308.59,567907,41146,6.42,2812.02,44,53.35,1648145.25
CMP1015,Display,New Customers,324937.79,1251186,8176,2.45,2980.65,53,33.79,1188659.57
CMP1016,Search,Existing Customers,362492.44,757365,24720,7.62,3593.69,76,34.36,1549447.91
CMP1017,Affiliate,Existing Customers,260452.93,388320,10944,5.71,3542.78,59,37.84,1362182.18
CMP1018,Display,High Value,233878.73,908588,8268,3.39,5411.48,87,38.31,1010752.22
CMP1019,Affiliate,Price Sensitive,86280.36,232632,5005,5.54,1472.01,53,34.12,1376435.63
CMP1020,Display,Existing Customers,156916.83,541973,9728,4.6,2925.94,57,35.0,970057.86
CMP1021,Search,Existing Customers,334021.5,1139888,56274,4.6,2688.97,81,30.82,2181918.36
CMP1022,Social Media,New Customers,192499.53,585213,12624,3.55,3217.52,40,19.39,1222903.86
CMP1023,Social Media,High Value,307957.4,874258,13970,5.86,4812.68,88,39.13,1556919.84
CMP1024,Display,Existing Customers,366279.7,1151061,21495,3.08,4326.62,32,30.7,1640313.65
CMP1025,Display,New Customers,206019.47,574941,1732,1.54,2246.53,8,19.61,758265.31
CMP1026,Social Media,New Customers,53510.65,187041,3019,3.92,2640.34,29,29.82,910572.24
CMP1027,Search,Price Sensitive,242124.99,637894,16467,4.87,1192.67,29,23.56,1089222.08
CMP1028,Social Media,Price Sensitive,134143.08,533386,12131,1.69,2192.36,78,19.18,1168639.71
CMP1029,Search,New Customers,327155.12,761826,37191,4.3,3243.33,79,20.43,1805430.82
CMP1030,Affiliate,High Value,92622.46,149786,4614,6.5,8373.08,19,41.92,1477681.65
CMP1031,Search,Price Sensitive,246513.18,716479,18861,5.68,2293.79,30,16.58,1397327.78
CMP1032,Affiliate,Small Business,264084.34,892056,17973,5.91,6914.06,85,27.38,1855606.04
CMP1033,Email,High Value,370839.2,539280,27701,8.43,4443.29,83,52.7,2199000.75
CMP1034,Social Media,Price Sensitive,245916.36,1041303,17013,0.5,1711.6,28,35.0,924503.17
CMP1035,Affiliate,Existing Customers,92688.27,112888,2580,3.67,5526.08,10,49.1,1211949.06
CMP1036,Social Media,Existing Customers,111213.52,402943,11382,4.38,4180.32,86,35.78,1077827.21
CMP1037,Affiliate,Price Sensitive,78870.76,229515,6788,3.37,2099.55,14,16.97,970282.31
CMP1038,Display,New Customers,351222.11,1068903,5292,1.18,2740.93,47,26.28,1428305.01
CMP1039,Social Media,Small Business,211215.76,559596,8367,3.55,5314.68,20,29.06,1454780.25
CMP1040,Social Media,Existing Customers,113896.86,307928,6112,5.16,4357.39,63,26.6,1142326.12
CMP1041,Social Media,New Customers,101776.24,371716,6791,2.65,1418.85,51,23.78,920244.05
CMP1042,Email,New Customers,183302.67,329320,17558,4.88,2864.78,55,45.14,1303582.28
CMP1043,Social Media,New Customers,386356.95,1365763,20496,0.5,2359.69,60,11.98,1293533.35
CMP1044,Email,Existing Customers,194277.22,233659,10036,7.74,4218.72,10,53.05,1422074.38
CMP1045,Social Media,High Value,295351.44,759596,23407,3.01,7049.68,85,32.72,2007011.24
CMP1046,Social Media,High Value,132303.59,376841,8662,4.61,4525.9,71,48.42,1559362.77
CMP1047,Search,New Customers,115553.49,324683,10791,5.11,3165.66,51,11.39,1152472.18
CMP1048,Social Media,Small Business,62344.5,190961,3222,4.24,5193.5,70,29.38,1360006.4
CMP1049,Social Media,High Value,131312.11,447831,9200,6.03,8063.95,51,44.62,1839596.43
CMP1050,Social Media,New Customers,182169.2,730479,13910,4.24,1846.53,67,25.46,1412492.45
CMP1051,Social Media,New Customers,50685.7,154004,1659,1.55,3448.69,62,20.86,811461.26
CMP1052,Search,Small Business,185451.03,539203,14216,3.87,4368.62,74,25.42,775724.42
CMP1053,Social Media,Existing Customers,174142.7,607327,20968,3.35,2877.31,80,29.15,1007114.27
CMP1054,Social Media,High Value,32377.27,124572,3224,5.3,8500.61,65,29.65,1657326.27
CMP1055,Email,Price Sensitive,227669.0,226312,13433,6.36,2174.02,24,35.34,1218788.05
CMP1056,Email,New Customers,398323.62,782057,45658,5.18,2627.5,84,36.89,1834158.64
CMP1057,Social Media,High Value,90845.96,238274,4430,5.74,6394.88,17,30.06,1034895.96
CMP1058,Email,Existing Customers,443926.78,599639,26411,8.38,2919.42,8,47.97,1883281.97
CMP1059,Social Media,Price Sensitive,142928.3,571120,11323,0.51,1920.55,72,18.71,1115894.4
CMP1060,Search,Existing Customers,260118.85,847826,27576,6.26,2594.47,43,31.34,1675388.78
CMP1061,Affiliate,Existing Customers,465718.39,828655,17109,5.31,2761.52,74,39.57,1738447.21
CMP1062,Email,New Customers,283237.39,440818,21230,6.07,2299.79,73,36.17,1351409.49
CMP1063,Display,New Customers,145059.73,630639,2905,0.95,2426.8,82,17.89,584132.93
CMP1064,Affiliate,High Value,335272.61,925233,34021,4.57,10000.0,83,38.21,2359422.66
CMP1065,Search,Small Business,102259.11,267116,9628,4.94,3368.37,20,45.62,969218.86
CMP1066,Social Media,New Customers,141743.21,613721,11263,1.37,3087.52,73,19.64,894833.91
CMP1067,Affiliate,High Value,46300.5,48962,1429,4.74,9418.59,11,47.53,1215426.32
CMP1068,Affiliate,New Customers,484462.55,888889,21215,3.26,2535.42,18,21.63,1579272.66
CMP1069,Email,Price Sensitive,318664.78,638892,23383,5.48,1546.87,88,37.56,1453918.36
CMP1070,Display,New Customers,221200.5,1042044,5306,0.5,2885.72,51,17.62,1207541.86
CMP1071,Display,Existing Customers,300363.74,763202,6828,1.39,4289.68,55,20.99,1202898.86
CMP1072,Social Media,Small Business,438813.66,1136681,20530,3.07,5260.02,29,32.14,1586210.83
CMP1073,Display,High Value,80207.08,264402,3815,2.19,5788.18,63,41.71,994846.39
CMP1074,Social Media,New Customers,287537.8,958699,17562,4.62,2992.96,57,27.95,1119567.23
CMP1075,Social Media,Small Business,378559.61,1142139,20468,3.56,3726.71,37,26.1,1592389.67
CMP1076,Affiliate,Small Business,168344.76,325930,5882,2.53,5525.07,28,37.66,1141342.4
CMP1077,Display,Existing Customers,56290.04,175496,2024,3.68,4421.96,64,28.19,1200997.43
CMP1078,Affiliate,Existing Customers,203156.66,362772,10982,6.94,3506.76,27,34.39,1353378.1
CMP1079,Affiliate,New Customers,188912.93,407865,11691,4.99,1856.67,54,31.87,919201.47
CMP1080,Social Media,Existing Customers,316120.0,759984,17796,2.96,4384.3,31,48.61,1599251.78
CMP1081,Search,Price Sensitive,212835.02,586512,13108,3.19,1875.6,12,27.87,1253405.62
CMP1082,Affiliate,High Value,255177.71,627798,22526,5.96,5585.42,43,43.4,1571013.32
CMP1083,Email,Price Sensitive,304393.56,506944,32864,6.39,1739.1,75,38.25,1663680.0
CMP1084,Email,Existing Customers,86700.34,113066,7407,10.0,4393.64,10,57.58,1601237.46
CMP1085,Email,High Value,310908.93,361744,18290,6.88,7234.52,18,52.26,1846535.46
CMP1086,Social Media,Price Sensitive,336637.33,1255079,28954,1.81,1631.85,14,33.91,1495720.97
CMP1087,Search,Price Sensitive,359325.77,964100,23121,4.43,1454.54,41,20.25,1221271.3
CMP1088,Search,Small Business,147287.48,500816,19925,5.49,5144.96,70,30.21,1437209.54
CMP1089,Social Media,New Customers,246683.21,680443,10582,2.86,3198.66,50,20.06,1308010.1
CMP1090,Social Media,Existing Customers,311970.68,888286,27276,4.59,4394.12,10,43.73,1409364.08
CMP1091,Display,Small Business,49941.1,106762,425,2.7,4183.19,43,33.75,807178.53
CMP1092,Affiliate,High Value,154981.61,401568,8701,8.59,7243.39,48,22.79,1546033.33
CMP1093,Search,Small Business,230873.19,603135,23116,7.39,5809.54,66,40.42,1847850.66
CMP1094,Email,New Customers,140055.58,212224,10002,7.01,3122.95,77,29.55,1147242.72
CMP1095,Affiliate,Small Business,209195.55,319254,10450,2.41,4695.61,50,36.87,1391380.61
CMP1096,Email,Existing Customers,126823.81,198060,8613,7.09,6737.38,59,53.89,1631300.96
CMP1097,Social Media,Existing Customers,62500.83,200924,3783,6.06,3054.29,59,31.89,1015297.83
CMP1098,Search,Price Sensitive,367612.87,1246596,33970,6.3,1313.0,18,36.66,1742848.78
CMP1099,Display,Existing Customers,141979.35,537704,5438,3.92,3096.43,85,34.98,1545741.04
CMP1100,Search,New Customers,257502.52,865908,23608,6.3,3082.63,18,27.59,1421034.27
CMP1101,Email,Small Business,125315.48,224918,9106,5.99,2956.23,49,51.03,1200263.39
CMP1102,Display,New Customers,294597.58,1286745,5405,0.5,2838.42,84,26.44,1189938.97
CMP1103,Search,New Customers,260470.61,828692,23532,5.22,2418.8,59,19.06,1647284.66
CMP1104,Email,New Customers,171398.63,256962,11194,4.63,3672.23,31,48.26,1348376.3
CMP1105,Email,Small Business,292296.99,834487,36072,7.09,7653.95,71,39.45,2441038.46
CMP1106,Email,New Customers,429570.81,630196,35152,6.73,3057.08,39,33.42,1848131.69
CMP1107,Search,Small Business,185892.76,454709,14123,7.06,5661.0,57,37.23,1471489.71
CMP1108,Search,Price Sensitive,50324.61,167414,5581,3.15,1548.26,64,37.05,824468.61
CMP1109,Email,New Customers,63004.63,125068,3402,5.97,2998.92,85,35.07,1327898.75
CMP1110,Email,New Customers,49270.49,86962,3095,5.51,2485.57,38,35.82,965336.59
CMP1111,Social Media,Price Sensitive,145128.86,737151,16120,3.58,1671.32,79,34.81,1252785.56
CMP1112,Email,New Customers,389707.32,890850,18501,6.48,3996.79,88,28.77,1699502.75
CMP1113,Display,High Value,79789.06,266024,1961,3.23,4354.84,72,38.2,1390410.34
CMP1114,Search,New Customers,464863.36,1322974,47184,3.08,4125.82,12,27.0,1661144.15
CMP1115,Affiliate,New Customers,316135.62,527068,10981,3.81,2553.91,9,22.62,1334938.76
CMP1116,Email,Price Sensitive,254402.89,546357,23237,5.74,1695.04,71,38.76,1388368.46
CMP1117,Search,Price Sensitive,92475.71,210015,7930,4.51,1228.25,13,36.14,524468.28
CMP1118,Display,Existing Customers,138573.98,451392,4276,4.57,2973.92,53,37.16,1185606.56
CMP1119,Email,New Customers,97454.45,126591,4576,8.02,4330.85,12,37.67,1115203.02
CMP1120,Search,Existing Customers,221809.73,512998,16165,6.34,5437.02,89,42.24,1584671.48
CMP1121,Affiliate,Existing Customers,170982.99,353491,15595,6.33,4410.65,69,36.39,1007578.54
CMP1122,Display,High Value,280232.56,1106129,11923,4.33,7534.99,37,30.52,1448998.51
CMP1123,Search,High Value,365990.81,884543,29433,6.72,9605.85,75,49.26,2281410.83
CMP1124,Display,Existing Customers,180900.52,521957,6664,2.58,3721.62,55,30.92,1357858.46
CMP1125,Display,Small Business,282081.66,943620,4606,3.09,4528.11,61,36.75,1426694.98
CMP1126,Social Media,Existing Customers,287114.83,803379,18512,2.05,2045.74,59,35.63,1523286.22
CMP1127,Email,Existing Customers,81573.24,108047,4999,7.89,4101.57,52,48.55,1420505.66
CMP1128,Display,High Value,434946.77,1256058,13043,3.45,5685.99,72,26.49,1759372.64
CMP1129,Display,High Value,22597.41,64778,678,4.55,7834.77,46,40.62,1304985.45
CMP1130,Affiliate,High Value,252654.02,632557,17330,8.44,7697.63,53,49.53,1734071.86
CMP1131,Display,New Customers,270545.67,1088959,4215,0.79,2801.67,8,28.62,605546.54
CMP1132,Social Media,Small Business,429494.56,1497867,27853,3.08,5008.25,80,38.05,1621614.37
CMP1133,Search,Price Sensitive,408556.83,1017508,27753,6.48,1430.17,52,27.6,1451966.81
CMP1134,Display,High Value,312353.41,1424566,13773,3.32,7712.1,84,30.22,1664165.24
CMP1135,Display,New Customers,349916.92,1713413,6873,1.49,1464.9,30,21.63,1134851.82
CMP1136,Display,Small Business,292999.94,786969,5304,4.49,4893.56,25,19.98,1294864.18
CMP1137,Display,High Value,279985.31,1203135,11957,3.89,6736.72,33,40.53,1302042.38
CMP1138,Email,High Value,63114.9,107520,6301,8.73,9799.81,19,45.54,1487011.77
CMP1139,Affiliate,Small Business,52321.01,130098,3027,6.1,8062.68,90,45.4,1433178.11
CMP1140,Display,Price Sensitive,145100.87,503307,2504,0.5,1322.54,24,25.83,1159245.49
CMP1141,Search,Existing Customers,86676.65,216687,8483,5.42,3990.69,58,38.84,1829658.08
CMP1142,Email,New Customers,56307.5,91723,4982,6.61,3887.96,74,44.02,1271489.13
CMP1143,Display,Price Sensitive,253094.78,1000944,9980,0.5,879.29,64,23.74,1201598.51
CMP1144,Display,Small Business,271952.37,1167650,5194,3.16,5706.13,56,21.55,1514508.79
CMP1145,Social Media,New Customers,146343.68,515449,8600,3.28,2750.78,39,20.06,598603.7
CMP1146,Social Media,New Customers,196562.19,861622,10578,2.54,2277.14,67,16.51,540629.46
CMP1147,Search,Existing Customers,132601.7,217422,7614,7.44,3591.43,38,27.9,1266323.71
CMP1148,Affiliate,Small Business,459258.18,638316,16741,4.35,4430.08,56,29.78,1463503.96
CMP1149,Email,Price Sensitive,272458.56,419682,15641,6.03,1467.45,43,48.22,1662338.33
CMP1150,Search,Existing Customers,274352.85,711625,22448,8.06,5643.07,44,39.89,1680526.34
CMP1151,Email,Price Sensitive,145764.06,228457,7199,5.89,1710.08,10,42.36,1545394.76
CMP1152,Social Media,Small Business,233981.79,723774,12120,3.76,3282.02,44,25.61,1747884.74
CMP1153,Social Media,High Value,269738.26,876275,15035,4.86,6725.88,53,36.83,1986498.76
CMP1154,Display,New Customers,298280.18,1058163,7907,0.5,1604.91,27,12.54,1142495.97
CMP1155,Search,New Customers,295860.28,1138111,29285,4.48,2806.21,70,34.3,1346978.9
CMP1156,Search,High Value,313376.48,608917,24465,6.6,8849.88,43,38.5,1945639.45
CMP1157,Search,New Customers,76453.4,286737,9659,3.97,3802.67,58,22.92,1131355.26
CMP1158,Search,Existing Customers,153102.87,347161,12497,6.38,5494.7,55,36.81,1033422.82
CMP1159,Search,Price Sensitive,194010.01,510745,14682,4.93,1621.62,65,30.16,1153347.55
CMP1160,Search,Price Sensitive,93791.68,276788,9286,4.47,1687.32,39,37.74,903701.02
CMP1161,Display,Existing Customers,74284.66,171126,1818,0.5,3097.33,33,34.42,662108.24
CMP1162,Email,New Customers,104432.55,117923,5361,9.56,3049.26,73,41.09,1231156.88
CMP1163,Affiliate,High Value,275520.87,354592,10904,6.92,10000.0,30,39.38,2001344.94
CMP1164,Email,New Customers,328860.43,548955,29226,5.53,2505.74,23,38.12,1479757.89
CMP1165,Search,High Value,254875.6,506640,19800,7.83,9385.1,19,35.81,1927590.14
CMP1166,Display,New Customers,166491.34,860962,4458,0.5,2671.93,88,21.81,951611.89
CMP1167,Email,Price Sensitive,488356.11,1718725,108961,13.55,8574.09,79,52.86,2736970.12
CMP1168,Affiliate,Existing Customers,18179.37,91675,6742,13.04,7658.74,32,31.95,1599498.95
CMP1169,Display,Small Business,223522.43,879167,4115,2.94,4299.63,50,22.8,1135086.56
CMP1170,Email,New Customers,300438.37,554758,23693,6.32,3098.3,27,39.31,1353329.55
CMP1171,Social Media,Price Sensitive,231170.11,893357,13981,2.67,1523.16,33,28.95,676676.13
CMP1172,Email,Small Business,121210.47,203692,8305,6.72,5316.88,69,42.8,1593010.72
CMP1173,Social Media,Price Sensitive,184109.82,628186,19427,2.42,1489.5,69,17.63,1375848.78
CMP1174,Search,High Value,66799.66,126757,5584,8.55,7156.8,23,40.38,1409196.09
CMP1175,Email,New Customers,370564.42,543404,24968,6.43,5104.73,20,34.53,1722928.3
CMP1176,Affiliate,High Value,238464.86,585792,12663,7.44,10000.0,19,45.47,1691248.95
CMP1177,Display,Existing Customers,290283.13,1231135,15183,4.01,3451.94,63,27.46,777198.78
CMP1178,Display,Existing Customers,131885.99,433611,5001,3.03,2533.55,22,32.83,627371.79
CMP1179,Search,Small Business,380787.65,896089,23657,6.25,3932.4,12,20.2,1448576.52
CMP1180,Display,New Customers,128760.33,520062,2856,1.27,2509.33,87,16.6,976613.3
CMP1181,Search,New Customers,137496.25,367014,8524,2.83,2691.62,50,24.03,970251.89
CMP1182,Search,Existing Customers,394438.88,842940,31880,7.25,5422.76,18,35.8,1501951.9
CMP1183,Social Media,High Value,210551.19,486185,12055,5.44,8563.08,34,42.74,1761120.46
CMP1184,Email,Small Business,148092.64,212352,7634,5.83,6355.72,55,51.66,1706230.9
CMP1185,Social Media,High Value,176407.28,406328,7071,6.55,8888.68,54,33.0,1699651.27
CMP1186,Display,Price Sensitive,198868.53,563298,4025,0.7,1426.32,50,24.61,915723.61
CMP1187,Social Media,Existing Customers,102540.48,294625,6159,4.46,4569.3,77,25.16,1539637.94
CMP1188,Search,Existing Customers,346648.2,1008251,36603,7.53,3588.79,54,41.7,1823321.38
CMP1189,Search,New Customers,138773.96,572775,26025,3.75,3461.75,81,20.08,1413317.26
CMP1190,Display,High Value,159528.79,527294,6255,2.78,4519.11,84,39.81,1333458.96
CMP1191,Social Media,High Value,232639.14,633188,14518,7.31,10000.0,27,42.73,1672506.83
CMP1192,Email,New Customers,205956.21,369290,14929,5.29,3400.09,69,45.01,1669271.53
CMP1193,Search,Small Business,264984.49,581711,22153,6.05,7579.68,41,24.42,1630609.99
CMP1194,Social Media,Existing Customers,200979.49,631594,19822,3.13,3684.16,81,31.32,1787818.39
CMP1195,Social Media,Price Sensitive,236286.59,944630,15675,0.5,2339.47,20,31.88,943916.59
CMP1196,Affiliate,New Customers,77740.03,170718,4376,1.94,3487.94,62,30.7,1394539.89
CMP1197,Social Media,Price Sensitive,153374.82,512511,13693,2.86,1599.95,53,14.73,981476.77
CMP1198,Social Media,Small Business,141911.08,323946,5521,2.18,9171.12,44,32.31,1555189.01
CMP1199,Display,Small Business,299872.92,1124571,6020,0.99,3415.51,69,20.44,1127770.12
CMP1200,Affiliate,Small Business,193487.43,383790,9215,6.4,5339.74,47,36.47,1673687.9
CMP1201,Search,Existing Customers,434815.2,1267048,47010,6.61,4918.01,42,28.01,2091331.03
CMP1202,Email,Existing Customers,449373.42,531214,37243,6.09,3682.0,43,46.58,2295013.39
CMP1203,Affiliate,New Customers,156692.83,272110,6490,4.94,2125.21,8,30.96,1412380.02
CMP1204,Social Media,New Customers,362818.38,895019,15914,0.5,2923.89,30,18.76,1169036.26
CMP1205,Email,High Value,190884.54,361902,18978,9.74,7828.95,20,43.01,1767688.98
CMP1206,Email,Existing Customers,279999.55,339160,13420,8.43,3655.02,30,42.62,1222528.08
CMP1207,Social Media,Price Sensitive,353376.11,1006962,27035,2.01,1365.21,48,30.8,1440832.93
CMP1208,Search,New Customers,97349.02,225368,5088,6.38,3216.07,59,25.8,1151995.96
CMP1209,Email,Existing Customers,312027.68,405512,25999,7.3,4441.06,69,52.76,2209392.95
CMP1210,Email,High Value,350010.54,455517,21407,7.36,6743.45,21,59.72,2156274.86
CMP1211,Display,Small Business,77150.4,175159,689,0.5,7455.4,45,26.45,1094888.14
CMP1212,Search,Small Business,313758.38,860232,19797,5.16,5387.32,43,38.76,1791545.7
CMP1213,Display,Price Sensitive,245030.24,1182291,7279,0.5,2190.55,81,19.63,801124.68
CMP1214,Email,New Customers,180769.23,292295,11571,6.48,2725.74,29,46.09,1139901.23
CMP1215,Search,New Customers,165586.69,395243,12677,6.22,1811.43,72,19.99,1203354.95
CMP1216,Email,Price Sensitive,225029.4,472874,31209,5.19,1630.79,39,49.61,1866120.82
CMP1217,Display,New Customers,141518.67,593547,2119,0.5,2807.78,22,26.85,816507.2
CMP1218,Social Media,Existing Customers,342784.12,1412571,48566,2.76,3386.49,82,32.43,1582400.19
CMP1219,Display,Small Business,317951.71,1449461,10136,3.17,4631.89,86,35.72,1302375.25
CMP1220,Search,Small Business,164984.84,339287,9154,4.73,5191.09,47,30.07,1576254.65
CMP1221,Affiliate,New Customers,270067.52,662500,13465,1.8,2487.96,79,23.52,1178330.62
CMP1222,Search,Price Sensitive,196345.16,707336,16491,2.69,2896.07,56,33.03,1538245.52
CMP1223,Search,Existing Customers,164590.53,346172,15047,7.53,4354.99,16,28.39,1145758.35
CMP1224,Search,New Customers,227916.76,772878,23406,5.34,2468.71,79,25.73,1494768.33
CMP1225,Display,Small Business,185733.69,580679,2519,2.43,5211.53,61,31.42,1010398.01
CMP1226,Display,Price Sensitive,210939.78,955255,6083,0.5,1620.2,80,33.23,706651.32
CMP1227,Display,Existing Customers,447350.27,2000000,31163,3.63,2709.88,51,38.71,1782112.99
CMP1228,Search,High Value,268860.53,789921,21015,6.21,7802.46,67,41.3,2005454.28
CMP1229,Social Media,New Customers,399547.59,1430659,20511,3.56,2429.1,34,29.84,1392657.7
CMP1230,Display,Price Sensitive,198322.65,655199,3828,1.33,1145.41,56,26.94,784516.19
CMP1231,Social Media,High Value,102799.95,353123,7930,5.09,5594.6,46,49.02,1497488.83
CMP1232,Social Media,Existing Customers,258769.74,704187,15499,3.35,3522.53,48,37.31,1703102.73
CMP1233,Email,Price Sensitive,224172.44,505070,33363,5.69,1288.4,63,29.46,1203079.22
CMP1234,Email,High Value,60702.85,62291,2823,8.09,7497.29,58,44.23,1512665.54
CMP1235,Search,High Value,276016.3,661469,16720,6.43,7789.38,53,39.88,1832912.21
CMP1236,Email,New Customers,87381.3,129965,5661,5.11,3472.72,60,32.0,1144845.47
CMP1237,Search,Price Sensitive,318229.99,1022774,26582,4.95,970.84,84,29.77,1552540.29
CMP1238,Email,New Customers,255223.47,402602,16221,6.38,3350.35,85,27.44,1677442.59
CMP1239,Search,New Customers,454269.87,1849226,93602,5.53,2107.89,82,13.19,2204143.44
CMP1240,Email,Existing Customers,272606.13,301211,12639,7.25,4013.4,45,44.22,1549993.92
CMP1241,Display,New Customers,297023.12,1151625,4206,0.5,3138.55,62,17.91,1143020.76
CMP1242,Affiliate,New Customers,394370.53,755222,19746,3.39,2259.2,15,26.92,1436558.34
CMP1243,Email,Price Sensitive,358167.94,598659,29780,6.66,1221.27,23,45.89,1488903.89
CMP1244,Search,Existing Customers,287223.89,517573,19650,6.47,3874.19,13,44.7,1534834.25
CMP1245,Email,Small Business,327921.69,482715,24485,8.55,4838.67,71,45.34,2094488.24
CMP1246,Search,Existing Customers,240493.14,523336,18448,6.76,4317.41,70,34.71,1517908.7
CMP1247,Affiliate,High Value,458712.85,734419,17586,6.09,7259.09,41,42.52,1925810.83
CMP1248,Social Media,Small Business,415609.82,1563226,25321,2.88,4727.78,90,27.43,1789253.46
CMP1249,Email,Price Sensitive,136752.41,260157,12965,6.85,1701.53,56,32.25,1220657.36
CMP1250,Display,Price Sensitive,379510.13,1560713,12282,0.5,1863.86,67,14.01,1208010.46
CMP1251,Display,Small Business,82445.43,331677,1552,2.54,4405.57,40,33.22,1005926.51
CMP1252,Display,Existing Customers,313625.94,1017671,9025,1.29,3147.71,46,31.8,1471137.11
CMP1253,Email,Existing Customers,123498.29,170067,6209,7.05,4604.4,10,49.83,1533397.5
CMP1254,Email,Existing Customers,305354.99,525822,23576,7.64,3900.09,26,45.18,1983354.28
CMP1255,Email,High Value,130564.23,172230,8212,9.35,10000.0,63,54.0,1820212.85
CMP1256,Search,New Customers,347719.55,1044288,35709,4.11,4811.6,88,30.21,2072027.99
CMP1257,Social Media,Small Business,205717.59,500051,7970,3.07,6250.7,22,25.02,1036592.01
CMP1258,Search,Existing Customers,223368.74,523089,20499,6.72,2534.99,59,45.59,1491423.98
CMP1259,Search,Price Sensitive,305485.66,911236,34020,2.48,1488.18,37,22.12,1048131.18
CMP1260,Social Media,New Customers,82977.54,213820,3945,1.85,2586.7,24,19.04,632370.5
CMP1261,Email,New Customers,90050.35,113907,4831,4.95,2415.09,31,24.99,1163300.02
CMP1262,Search,Existing Customers,58881.29,179200,6841,4.7,4623.86,27,36.28,930271.13
CMP1263,Social Media,New Customers,313133.86,916220,17448,2.36,2101.69,7,16.81,1285741.78
CMP1264,Affiliate,New Customers,457681.77,1223589,29476,1.23,2704.08,61,28.14,1667154.75
CMP1265,Social Media,New Customers,314959.81,888623,17335,0.5,2577.81,36,19.44,1127197.33
CMP1266,Email,High Value,289649.04,506612,27036,7.86,7764.58,86,47.59,2536203.35
CMP1267,Social Media,Small Business,196760.67,593329,11232,1.54,4384.3,33,31.51,1569545.52
CMP1268,Display,New Customers,308517.95,1218763,6803,0.64,2769.59,89,21.68,1266902.07
CMP1269,Email,High Value,31432.43,37937,2586,6.88,9255.48,31,53.28,1603019.76
CMP1270,Search,Small Business,51711.03,138458,2989,6.04,6858.91,81,38.44,1528998.84
CMP1271,Search,Small Business,130910.16,301568,8517,6.8,4901.78,23,35.01,1335003.56
CMP1272,Search,New Customers,290909.31,819347,22734,3.45,2825.29,45,22.31,1369779.96
CMP1273,Affiliate,Small Business,139945.43,425526,8787,4.1,6394.72,78,33.18,1662795.33
CMP1274,Email,Existing Customers,397789.83,428733,19218,8.42,5317.28,25,50.26,1783466.57
CMP1275,Social Media,Existing Customers,273915.89,974983,22553,2.62,3977.89,20,37.38,1346758.91
CMP1276,Email,New Customers,300941.24,403935,17222,7.03,3065.03,31,36.28,951704.0
CMP1277,Email,Small Business,223151.81,353607,10402,4.54,5590.53,21,49.93,1485484.26
CMP1278,Search,New Customers,107156.86,224157,7589,5.96,2698.62,20,14.86,1151855.36
CMP1279,Display,Price Sensitive,401276.87,1108613,9328,2.03,1996.03,33,26.16,484765.61
CMP1280,Social Media,High Value,262432.93,583729,19446,2.49,10000.0,15,35.08,1606544.94
CMP1281,Social Media,New Customers,219331.79,693264,16149,3.67,2809.34,32,14.7,1035021.61
CMP1282,Search,High Value,200640.43,424630,14364,7.18,5644.08,33,45.5,1845559.97
CMP1283,Affiliate,High Value,212051.47,286058,10018,6.86,10000.0,16,43.85,1925018.18
CMP1284,Social Media,Small Business,110485.15,380831,8493,4.34,5547.18,66,26.79,1514376.03
CMP1285,Search,Small Business,89682.4,220469,11329,4.53,6139.14,90,32.92,1444343.66
CMP1286,Email,High Value,168122.58,182924,11246,7.22,8361.87,37,55.16,1828937.09
CMP1287,Display,New Customers,136524.52,393856,2503,0.5,2546.99,28,18.45,685162.97
CMP1288,Display,Small Business,78578.74,317540,1820,0.5,5726.36,35,24.89,1024005.81
CMP1289,Display,Small Business,170483.88,458302,3412,2.21,3922.51,64,29.2,1255660.41
CMP1290,Social Media,Price Sensitive,306988.95,1000265,22784,1.78,1560.97,62,31.04,1190482.81
CMP1291,Search,Small Business,130979.98,190303,7837,5.47,4518.19,12,35.99,1483402.44
CMP1292,Search,New Customers,100296.46,264855,11267,5.6,2859.23,24,30.68,1135182.4
CMP1293,Social Media,Price Sensitive,374760.36,1043208,14393,3.09,909.59,30,19.78,1152776.65
CMP1294,Social Media,New Customers,155089.56,431313,5402,4.43,3681.66,28,17.02,453826.61
CMP1295,Social Media,New Customers,245053.57,804025,17590,0.5,2509.91,11,30.45,818661.9
CMP1296,Affiliate,Small Business,237073.22,476933,6638,3.61,4657.72,42,23.46,1513772.04
CMP1297,Display,New Customers,347680.74,1282922,5879,0.5,2287.42,47,23.01,1146716.3
CMP1298,Social Media,Price Sensitive,172925.38,649968,10525,2.33,1493.91,56,20.66,820655.19
CMP1299,Search,Price Sensitive,332890.13,714294,28477,4.37,1258.08,20,32.01,1468070.81
CMP1300,Email,Existing Customers,78101.25,87044,4195,5.62,3757.01,21,51.59,1590264.59
CMP1301,Display,New Customers,330087.18,1144545,3521,0.5,2180.63,34,26.57,1134441.8
CMP1302,Social Media,Small Business,452074.8,2000000,26919,2.0,5474.6,74,21.97,1822635.52
CMP1303,Social Media,High Value,234087.99,891252,18479,4.5,6821.74,40,39.0,1895331.23
CMP1304,Social Media,New Customers,396489.62,1548057,13869,2.65,3275.94,58,14.91,1229125.3
CMP1305,Email,New Customers,439757.5,837143,35441,6.33,2718.42,36,32.85,1706607.23
CMP1306,Search,New Customers,486267.27,1517207,40387,4.05,3770.46,71,28.7,2143081.72
CMP1307,Social Media,Existing Customers,253137.67,778127,11214,2.57,3713.21,72,29.06,1415795.54
CMP1308,Display,Existing Customers,172828.08,523157,6960,4.04,5899.46,30,21.38,1018921.1
CMP1309,Display,Existing Customers,150927.29,543218,5984,2.17,2519.16,74,32.25,1034461.01
CMP1310,Social Media,Price Sensitive,335348.68,1199301,25832,2.01,1398.91,50,23.95,1506412.92
CMP1311,Affiliate,High Value,122750.65,129716,2912,7.58,9918.77,21,51.32,1752025.32
CMP1312,Search,New Customers,54141.32,165139,5794,5.09,2505.13,78,12.77,1160465.65
CMP1313,Social Media,New Customers,383742.35,1466448,21944,2.55,1956.39,81,17.44,1864196.92
CMP1314,Search,Price Sensitive,123551.3,324770,13845,3.41,2187.39,26,33.52,1072523.11
CMP1315,Affiliate,High Value,312867.76,878782,24123,5.54,6829.13,60,41.42,2146308.47
CMP1316,Search,New Customers,329851.91,1090598,36525,4.42,3107.97,89,21.34,1766310.22
CMP1317,Email,New Customers,333980.4,395523,17546,4.27,2566.88,9,45.32,1353123.93
CMP1318,Display,New Customers,142021.28,480152,3144,0.98,2554.19,52,19.86,910933.74
CMP1319,Social Media,Existing Customers,418865.4,1014593,24139,4.34,2906.85,22,38.91,1738382.25
CMP1320,Social Media,Price Sensitive,181189.34,679326,12387,2.73,1261.08,90,31.12,1001276.78
CMP1321,Display,Existing Customers,213582.12,967840,10123,2.22,4117.02,65,27.45,690281.62
CMP1322,Email,Small Business,47104.43,92722,5182,5.27,4268.4,51,51.87,1204242.88
CMP1323,Display,Price Sensitive,246564.74,725853,4260,0.5,1890.66,25,20.15,786672.6
CMP1324,Social Media,High Value,106621.19,270551,8084,4.95,8937.96,87,35.51,2044984.41
CMP1325,Search,New Customers,252505.39,814051,21443,4.08,3831.93,78,25.9,1144244.02
CMP1326,Social Media,Existing Customers,261597.69,963036,24554,3.18,5022.86,27,30.87,1315709.51
CMP1327,Email,Small Business,311028.83,389886,22854,5.01,6649.68,56,37.98,1741592.55
CMP1328,Search,New Customers,388530.18,701135,20756,4.13,3531.43,52,23.59,1733934.63
CMP1329,Display,High Value,70489.55,208427,1808,5.47,5239.16,72,44.58,1345048.96
CMP1330,Display,Price Sensitive,220584.36,1081024,7104,2.13,1558.46,50,6.75,957885.38
CMP1331,Display,Existing Customers,85103.96,293494,2382,3.35,3153.22,27,34.42,1213344.75
CMP1332,Social Media,Existing Customers,149677.97,390543,9202,4.56,3586.17,78,31.12,1083476.98
CMP1333,Display,Existing Customers,106087.81,358720,5162,1.99,3009.24,84,39.29,1140154.42
CMP1334,Search,Small Business,391010.91,1078570,23172,7.62,4643.42,81,37.64,1961149.49
CMP1335,Display,High Value,150566.02,607634,6180,4.24,4739.17,85,51.33,1258190.98
CMP1336,Affiliate,Price Sensitive,200904.99,400903,11822,5.81,1923.66,15,33.14,1142603.29
CMP1337,Social Media,Existing Customers,156826.25,511789,12268,6.07,2755.19,23,43.53,1218172.29
CMP1338,Social Media,Price Sensitive,425276.05,1602241,45843,3.77,1197.27,23,15.62,1429629.73
CMP1339,Display,Small Business,248021.75,727920,3888,1.6,6283.88,33,23.05,1038021.72
CMP1340,Social Media,Existing Customers,169553.67,587276,10593,4.13,4219.33,72,34.74,1274502.44
CMP1341,Display,Price Sensitive,191643.59,1085794,5837,1.22,1779.75,21,21.48,783798.78
CMP1342,Social Media,Price Sensitive,277305.64,1037421,26784,1.39,1397.58,59,19.64,989691.15
CMP1343,Search,High Value,262552.75,634602,16931,7.33,9059.19,49,43.29,2196890.03
CMP1344,Search,New Customers,103121.66,339931,11002,5.56,4034.84,69,20.85,1335279.86
CMP1345,Search,High Value,55451.24,161160,4140,6.36,6692.36,82,38.82,1291506.62
CMP1346,Email,Existing Customers,272982.96,415535,18484,6.41,3020.63,62,44.89,1568192.49
CMP1347,Affiliate,Price Sensitive,213020.9,543970,24112,3.78,1794.32,13,21.98,1166942.37
CMP1348,Affiliate,New Customers,463638.2,1083940,5423,0.75,2666.16,47,17.98,1097190.68
CMP1349,Affiliate,High Value,399963.46,585097,17914,7.27,7130.08,7,35.05,2095595.77
CMP1350,Search,Existing Customers,137871.56,333271,7360,7.94,4690.15,68,32.07,1372394.18
CMP1351,Search,New Customers,366565.22,818508,18358,4.96,3098.37,8,7.39,1460199.05
CMP1352,Social Media,High Value,387561.22,829737,18795,4.71,6275.15,25,36.04,1704549.24
CMP1353,Social Media,New Customers,269284.24,718354,9143,0.5,2988.94,72,23.29,971152.48
CMP1354,Search,Price Sensitive,262345.52,847015,34062,4.56,1793.13,69,37.84,1273649.78
CMP1355,Social Media,New Customers,136572.21,612932,13420,3.1,2743.91,76,14.42,1022232.09
CMP1356,Search,Existing Customers,237640.08,502227,20595,8.57,4940.59,32,36.41,1630465.34
CMP1357,Search,Small Business,377745.18,953686,19307,5.08,5844.89,70,26.05,1440930.9
CMP1358,Display,Price Sensitive,378597.08,1547853,12612,0.51,1716.03,73,18.94,1170032.45
CMP1359,Display,High Value,297493.34,1211062,8492,2.32,7402.87,48,47.82,1643410.08
CMP1360,Display,High Value,297349.68,1175743,10941,4.02,5305.45,29,31.25,1445793.41
CMP1361,Display,New Customers,150534.35,579444,2748,1.39,2585.9,35,21.93,815111.17
CMP1362,Search,Existing Customers,193603.12,498253,15107,6.9,4729.56,75,32.32,1559372.63
CMP1363,Email,Price Sensitive,241471.97,414531,18620,5.43,1540.04,34,42.63,1364421.24
CMP1364,Search,High Value,208840.23,432877,17931,8.76,5295.22,26,41.8,1813153.41
CMP1365,Search,Existing Customers,178894.42,493579,14973,5.98,3942.32,25,44.05,1582270.28
CMP1366,Search,Existing Customers,184481.45,422045,16250,6.54,3388.26,58,36.22,1067191.98
CMP1367,Social Media,New Customers,75324.17,309688,5247,1.5,2539.01,45,19.37,926643.71
CMP1368,Search,Small Business,187294.74,732986,17192,4.69,6256.49,80,39.45,1753537.15
CMP1369,Social Media,Existing Customers,86059.75,324144,9277,3.58,3115.34,40,35.57,1178992.48
CMP1370,Social Media,New Customers,229235.4,823869,15539,0.7,1982.58,85,24.8,1160324.17
CMP1371,Email,High Value,271350.45,400331,15900,9.57,9310.73,46,52.82,2156683.35
CMP1372,Email,Existing Customers,45597.52,72052,3454,9.97,2960.05,25,47.8,1087443.05
CMP1373,Search,New Customers,297010.31,915501,34902,6.18,4255.54,28,23.18,1825755.03
CMP1374,Search,High Value,94324.48,256209,7373,8.21,8004.17,44,42.66,1422806.28
CMP1375,Search,New Customers,279632.94,868772,29980,4.78,4023.83,16,20.59,1876266.02
CMP1376,Email,Existing Customers,125216.29,151202,8897,9.57,4757.85,27,53.1,1613731.59
CMP1377,Email,High Value,92837.43,118637,6452,10.63,7428.0,49,58.71,1996257.07
CMP1378,Search,Existing Customers,213264.55,453036,13680,7.76,4972.12,61,39.13,1706123.77
CMP1379,Affiliate,Small Business,222483.93,524057,10357,6.73,5216.27,59,28.06,1326441.77
CMP1380,Search,Small Business,161168.07,346463,8890,6.24,5706.93,52,27.08,1388308.42
CMP1381,Display,High Value,218056.11,1016354,9725,3.32,8614.09,69,27.51,1559953.8
CMP1382,Social Media,New Customers,123033.25,568110,9927,2.09,1290.08,60,16.77,897271.52
CMP1383,Search,Small Business,167749.09,447756,14795,5.71,5546.61,37,31.48,1389623.82
CMP1384,Display,Small Business,260850.61,1092489,9063,2.03,5047.64,68,26.23,1410022.27
CMP1385,Social Media,Existing Customers,141103.58,540324,9714,3.59,3228.54,65,36.84,1669305.77
CMP1386,Search,High Value,441753.74,919859,23116,7.79,10000.0,35,35.99,1886871.42
CMP1387,Social Media,Price Sensitive,257615.32,1055268,28810,1.05,1481.96,79,21.33,1143466.26
CMP1388,Affiliate,Small Business,115807.63,261304,5632,6.19,4840.34,47,45.26,1466112.8
CMP1389,Display,High Value,81147.57,244090,2115,4.69,8382.88,28,35.84,1162431.34
CMP1390,Search,Existing Customers,305332.96,488012,16019,8.73,7455.6,20,41.73,1595973.62
CMP1391,Social Media,Price Sensitive,239534.71,1255089,23019,1.52,1467.63,77,18.86,1567092.55
CMP1392,Social Media,Existing Customers,325143.28,972553,16765,3.36,2509.17,61,33.25,1259781.32
CMP1393,Affiliate,Existing Customers,311064.28,661257,26588,6.7,2236.84,66,40.02,1404222.49
CMP1394,Affiliate,New Customers,321256.99,1245440,42544,3.97,2408.0,24,17.21,1591746.99
CMP1395,Email,High Value,362729.06,519723,21375,7.45,7780.96,70,55.3,2257127.16
CMP1396,Social Media,New Customers,448645.13,1243533,24959,3.03,2676.63,15,17.96,1588317.06
CMP1397,Affiliate,Price Sensitive,93606.84,191985,5321,3.61,1216.61,80,38.2,1055235.35
CMP1398,Email,High Value,115208.1,189363,6986,8.72,9960.39,53,53.57,1444259.72
CMP1399,Search,High Value,277384.35,586124,19056,7.99,8425.16,85,33.17,2444209.43
CMP1400,Affiliate,Price Sensitive,362012.72,732703,19142,4.4,1705.22,82,27.29,1388762.59
CMP1401,Social Media,New Customers,244899.2,1224628,23627,1.48,2324.34,79,26.75,1222410.52
CMP1402,Social Media,Existing Customers,74464.63,195103,6314,2.65,2716.06,32,30.18,824064.85
CMP1403,Email,Existing Customers,353539.39,506041,20082,8.41,2795.31,23,45.51,1392626.07
CMP1404,Social Media,Small Business,272674.14,831493,13213,3.65,4019.65,23,39.67,1304084.42
CMP1405,Search,Small Business,231796.11,602409,20081,4.65,8234.23,53,40.67,1898274.35
CMP1406,Email,Price Sensitive,125048.05,185981,6196,4.64,1554.21,41,38.69,829260.76
CMP1407,Search,Existing Customers,79995.36,247652,8127,5.3,3336.32,26,37.15,1162303.17
CMP1408,Search,Price Sensitive,163192.51,537458,16935,2.76,1660.03,62,16.61,990110.09
CMP1409,Email,Price Sensitive,180451.77,388250,21266,4.23,1598.1,73,47.4,1708045.96
CMP1410,Email,Price Sensitive,396581.43,884605,44178,4.78,876.11,51,32.41,1632626.07
CMP1411,Display,High Value,333922.73,1154828,12590,3.28,8855.91,35,43.89,1546583.89
CMP1412,Social Media,Existing Customers,207015.3,621068,21197,5.29,3885.0,7,32.51,1478530.58
CMP1413,Display,High Value,163696.81,461850,3355,2.87,4514.69,68,29.36,1134990.87
CMP1414,Search,Existing Customers,96109.95,233283,10439,6.82,3299.9,51,37.74,1209423.02
CMP1415,Display,New Customers,377789.89,1849549,12100,0.58,5778.85,79,21.32,1398188.7
CMP1416,Affiliate,New Customers,116080.87,180544,5348,4.53,3270.81,50,27.5,825773.24
CMP1417,Social Media,Price Sensitive,368813.88,1710315,35212,2.62,1669.36,74,26.52,1440411.36
CMP1418,Social Media,Existing Customers,434562.99,1301789,29941,3.05,3093.32,57,34.17,1524535.23
CMP1419,Display,Small Business,188697.16,579093,4828,3.46,4657.73,72,19.04,1234118.22
CMP1420,Social Media,New Customers,26373.56,92010,1168,1.22,2396.82,74,28.67,837445.74
CMP1421,Social Media,High Value,335918.63,995795,33241,5.55,8135.88,74,37.61,2060902.05
CMP1422,Display,Price Sensitive,92888.6,479593,2355,0.5,1665.91,71,28.05,756311.81
CMP1423,Social Media,High Value,283164.47,1050850,27308,3.68,4164.12,11,37.5,1670861.05
CMP1424,Display,New Customers,252123.21,802860,3420,1.16,2294.38,47,23.4,1020465.75
CMP1425,Social Media,New Customers,378276.83,1107464,18884,3.02,3057.14,62,30.96,1606371.64
CMP1426,Affiliate,High Value,238175.83,440923,19741,5.28,8140.14,89,35.25,1968090.2
CMP1427,Social Media,New Customers,346167.42,1723695,25113,1.75,3370.77,65,19.0,1604340.19
CMP1428,Email,Price Sensitive,285680.83,452992,17625,6.71,1855.6,52,26.99,1134742.87
CMP1429,Social Media,Small Business,40442.96,131344,1773,1.78,6590.87,66,31.64,1015243.42
CMP1430,Search,Existing Customers,183240.29,301183,15288,7.77,2937.79,11,35.05,1196345.48
CMP1431,Email,High Value,268815.67,476579,22454,9.05,9454.99,84,48.56,2081077.46
CMP1432,Search,Small Business,276930.45,502096,12185,9.08,5916.74,80,35.56,1920840.06
CMP1433,Email,Price Sensitive,67246.9,139566,6837,5.81,2286.01,55,35.77,1151799.25
CMP1434,Affiliate,Small Business,451887.77,994328,27258,4.6,5473.77,61,32.12,1922708.72
CMP1435,Display,Existing Customers,16038.29,50691,510,5.02,4995.97,42,29.48,870047.97
CMP1436,Search,Price Sensitive,199255.21,562555,21216,4.15,2000.58,78,27.24,1209280.48
CMP1437,Affiliate,High Value,58090.65,133550,4196,7.24,10000.0,51,38.71,1694575.87
CMP1438,Affiliate,New Customers,309675.41,778858,24398,6.31,2216.78,75,35.07,1480531.38
CMP1439,Search,New Customers,51451.07,161304,3993,3.37,3796.38,63,23.24,1355025.56
CMP1440,Social Media,Small Business,234872.51,1041123,18754,0.61,5503.24,87,25.14,1369845.47
CMP1441,Display,Small Business,339096.18,1485781,10700,2.19,4896.94,52,32.63,1443057.44
CMP1442,Social Media,Small Business,301948.84,1236752,45304,5.4,4848.19,32,32.52,1691134.71
CMP1443,Display,New Customers,332979.32,1236921,5445,1.44,3627.24,57,9.76,1213504.35
CMP1444,Email,Existing Customers,249998.06,422696,24278,7.42,5010.06,84,48.95,2173609.29
CMP1445,Affiliate,High Value,295255.79,639022,19898,8.66,9062.4,52,50.97,2100828.93
CMP1446,Social Media,New Customers,183553.34,740589,6823,1.91,2937.46,89,25.08,1037358.91
CMP1447,Social Media,Price Sensitive,193068.76,555117,10208,2.31,1296.08,8,32.27,1191441.29
CMP1448,Email,Small Business,94700.79,186718,10004,6.82,6771.01,53,30.57,1872005.36
CMP1449,Social Media,Price Sensitive,166384.67,438632,7742,2.67,1265.28,9,28.6,1083868.43
CMP1450,Social Media,High Value,63910.96,211890,4229,5.06,5929.46,31,45.63,1362615.01
CMP1451,Display,Price Sensitive,100253.0,328071,3888,0.5,1579.56,58,31.26,686897.77
CMP1452,Search,New Customers,263438.22,776128,34152,4.84,2491.12,57,23.27,1465654.16
CMP1453,Email,Price Sensitive,265405.53,415144,18681,5.73,1762.11,18,33.55,1594439.77
CMP1454,Search,Price Sensitive,307178.97,923836,24265,5.23,1488.88,20,23.06,1316633.93
CMP1455,Email,Small Business,53996.06,70485,2838,7.05,5830.6,57,43.7,1483480.22
CMP1456,Search,New Customers,257856.21,706078,24749,3.65,1959.94,27,19.14,1626894.86
CMP1457,Search,Existing Customers,251544.77,595753,21018,6.92,3713.08,87,32.02,1473965.81
CMP1458,Search,Price Sensitive,247771.99,830730,34562,4.68,1612.69,18,35.34,1594589.09
CMP1459,Social Media,Existing Customers,218884.35,750618,20911,3.84,2654.42,61,32.12,1586918.34
CMP1460,Display,New Customers,228564.6,695869,4203,0.5,2524.79,9,17.47,780537.69
CMP1461,Email,New Customers,134716.72,233980,10634,5.28,4183.09,13,28.0,817466.26
CMP1462,Social Media,Small Business,228881.1,910256,12881,3.23,4121.05,44,23.93,1306956.83
CMP1463,Search,Existing Customers,146829.19,398028,21042,9.71,3646.55,75,36.74,1494811.6
CMP1464,Display,New Customers,81236.0,375663,2173,1.04,1713.93,37,24.66,1002867.0
CMP1465,Email,New Customers,179446.97,228705,12503,5.55,3059.25,13,43.5,1536545.68
CMP1466,Display,Small Business,105926.04,383750,2365,1.72,6183.65,18,28.75,1109490.97
CMP1467,Display,Existing Customers,117949.77,435100,5681,3.96,3360.65,67,39.92,1409000.89
CMP1468,Email,High Value,212872.34,288877,11433,9.89,10000.0,46,57.08,2044150.31
CMP1469,Social Media,Price Sensitive,170174.3,765711,15415,1.75,1650.67,81,31.18,1109891.1
CMP1470,Social Media,Existing Customers,264786.02,893061,26593,4.05,3464.02,71,29.4,1249746.8
CMP1471,Affiliate,Existing Customers,291707.6,518846,18154,4.54,3262.69,15,38.58,1299273.3
CMP1472,Search,Existing Customers,294975.9,715815,25150,6.51,4550.05,8,46.12,1988312.94
CMP1473,Search,New Customers,183362.97,431539,11984,6.75,2762.32,42,30.17,1296815.69
CMP1474,Social Media,Price Sensitive,326054.17,1236697,20930,0.5,1183.82,25,28.05,984783.72
CMP1475,Display,High Value,28586.0,58238,470,4.48,5734.85,9,32.56,1473298.67
CMP1476,Email,Small Business,151078.29,246759,8547,7.33,4873.18,23,40.2,1414303.83
CMP1477,Search,New Customers,381508.3,1389621,41364,5.79,2269.48,84,27.8,1730447.09
CMP1478,Social Media,Existing Customers,461591.52,1109083,25985,4.4,3469.79,37,33.82,1846780.8
CMP1479,Social Media,Price Sensitive,429794.08,2000000,37419,2.76,1922.3,83,25.35,1892054.59
CMP1480,Display,New Customers,209343.02,906025,3093,2.06,2608.55,74,17.33,907057.49
CMP1481,Search,New Customers,111626.1,339424,11358,5.14,2821.5,28,23.55,916385.46
CMP1482,Search,Small Business,322143.5,1037972,40473,4.64,5978.5,61,29.41,1785695.39
CMP1483,Affiliate,New Customers,110464.22,217348,5266,4.6,2345.96,25,24.75,990122.05
CMP1484,Display,High Value,118155.32,445689,4339,3.35,9125.95,73,39.94,1993349.29
CMP1485,Display,Price Sensitive,331636.76,1165817,11844,0.5,2095.14,78,29.81,1081809.92
CMP1486,Display,New Customers,180000.69,588566,3089,3.18,2553.38,32,25.82,1293761.6
CMP1487,Affiliate,Small Business,303141.23,667247,13014,5.22,6150.78,48,43.32,1407365.21
CMP1488,Display,Existing Customers,219654.57,758003,9110,2.08,2736.66,72,34.12,1325372.79
CMP1489,Search,New Customers,231952.72,812934,21000,5.52,2976.85,20,17.79,1452391.07
CMP1490,Search,New Customers,163985.45,573970,17300,6.89,2262.2,45,31.7,1162627.88
CMP1491,Email,Small Business,249672.7,328316,13621,7.93,6798.72,27,35.85,2057679.07
CMP1492,Email,Price Sensitive,141159.67,254616,10014,4.49,1695.62,72,37.25,1333926.85
CMP1493,Social Media,Existing Customers,370382.81,858257,25727,4.53,4690.88,22,25.48,1696202.62
CMP1494,Social Media,High Value,410872.04,1188965,24437,5.49,9219.25,24,42.92,1690434.31
CMP1495,Search,New Customers,89580.54,269825,6604,5.8,3621.97,51,17.18,1232276.9
CMP1496,Display,New Customers,347642.65,1184455,5488,1.13,2616.36,86,29.7,901405.57
CMP1497,Social Media,Existing Customers,143936.51,475233,11241,1.75,3971.56,49,24.76,1034791.27
CMP1498,Email,Price Sensitive,272155.69,501642,18826,4.22,2140.4,53,40.73,1482938.96
CMP1499,Email,Existing Customers,265328.77,316983,10473,10.04,4745.25,20,43.43,1307630.08
CMP1500,Email,New Customers,135359.24,323460,20031,7.99,2304.11,79,42.59,1483505.24
CMP1501,Email,High Value,264414.44,330789,10240,9.14,8617.41,19,55.39,1743058.19
CMP1502,Search,New Customers,237571.63,736524,24087,2.74,3905.1,77,30.0,1224599.97
CMP1503,Affiliate,Small Business,262301.09,615023,15314,6.09,4725.96,57,42.09,2059096.33
CMP1504,Display,High Value,234338.54,752081,8314,3.34,5469.48,64,46.18,1323288.83
CMP1505,Display,High Value,126622.09,425250,3754,2.13,7906.55,62,31.22,1415520.45
CMP1506,Email,Small Business,196576.51,385691,20723,7.85,10000.0,63,35.73,2122352.36
CMP1507,Email,Existing Customers,126888.62,186854,10180,7.92,4165.6,61,44.6,1436946.79
CMP1508,Social Media,Price Sensitive,349620.88,1208984,20421,0.77,1825.14,48,21.15,891631.02
CMP1509,Social Media,Price Sensitive,152352.4,388349,7588,2.54,1144.15,41,26.23,824872.84
CMP1510,Social Media,Small Business,274563.83,776541,17914,1.6,7286.68,13,33.04,1349394.84
CMP1511,Display,Price Sensitive,390750.25,1550380,8305,2.28,1350.88,72,26.69,1384414.96
CMP1512,Social Media,Small Business,294122.35,773981,14987,1.37,5319.79,74,33.3,1924966.48
CMP1513,Display,Existing Customers,32530.01,117324,1196,2.91,4080.53,60,36.76,810290.37
CMP1514,Social Media,New Customers,80975.91,306502,4500,2.8,2545.52,65,16.56,823233.01
CMP1515,Search,Existing Customers,131563.49,287174,8935,7.09,5369.83,12,30.76,1731832.71
CMP1516,Search,New Customers,227076.6,683116,18750,4.72,3137.04,73,19.24,1326847.66
CMP1517,Social Media,High Value,145441.94,310442,4376,4.12,10000.0,11,52.31,1734800.13
CMP1518,Search,Small Business,480313.44,1784363,124639,11.72,8673.35,82,60.14,3393265.24
CMP1519,Search,Existing Customers,190370.47,618415,24371,7.65,4155.39,63,35.2,1552412.8
CMP1520,Affiliate,New Customers,228456.04,410628,9678,3.86,4436.26,51,28.49,1221279.74
CMP1521,Social Media,Price Sensitive,289081.71,1301851,15708,3.26,1761.26,57,22.31,985591.85
CMP1522,Social Media,New Customers,285365.88,757490,9717,2.31,4995.91,42,25.66,1010089.8
CMP1523,Social Media,New Customers,441888.3,1456263,18750,3.34,2042.14,11,18.78,1326495.84
CMP1524,Social Media,Price Sensitive,169406.51,680533,15020,1.49,1414.45,71,27.9,1009655.25
CMP1525,Email,Price Sensitive,362908.83,813812,50849,4.83,1782.22,67,47.3,1873870.32
CMP1526,Affiliate,Price Sensitive,91530.32,261864,5494,6.17,1940.6,45,21.47,861308.15
CMP1527,Affiliate,Existing Customers,271749.48,579732,13860,5.61,4428.48,60,45.93,1421827.51
CMP1528,Social Media,Price Sensitive,196617.0,977938,15058,1.0,1238.33,57,30.1,699583.64
CMP1529,Search,Existing Customers,425507.01,870068,28654,6.8,3978.34,49,33.86,1680938.42
CMP1530,Display,Existing Customers,81451.65,256902,2338,2.4,2613.72,55,38.91,1021908.34
CMP1531,Email,Price Sensitive,145839.16,132917,6267,3.13,2579.17,32,28.29,812305.1
CMP1532,Email,Existing Customers,213428.61,373062,15561,8.3,3136.15,60,45.03,1600314.98
CMP1533,Affiliate,Price Sensitive,139649.41,275653,6712,1.9,1839.14,61,24.92,918991.6
CMP1534,Search,New Customers,191558.69,474036,17081,5.23,5631.45,68,23.19,1260116.4
CMP1535,Email,High Value,429575.55,657285,24602,6.53,10000.0,70,45.6,2344103.74
CMP1536,Social Media,Small Business,60894.24,254750,4691,3.04,3614.15,39,35.63,981512.66
CMP1537,Search,Price Sensitive,318746.5,839857,21733,4.72,1628.64,45,25.43,1375035.76
CMP1538,Email,Small Business,244954.23,416562,17282,8.55,8599.97,35,40.87,1834737.06
CMP1539,Display,New Customers,334797.18,1128717,3657,0.75,1954.13,18,19.94,724305.42
CMP1540,Search,Existing Customers,225454.94,627279,17715,6.19,3806.31,24,39.2,1523002.7
CMP1541,Affiliate,Price Sensitive,254942.26,645858,15945,2.98,1921.7,31,23.43,1232389.45
CMP1542,Social Media,New Customers,220340.44,857301,13436,1.59,1890.72,48,27.69,1110566.77
CMP1543,Social Media,Existing Customers,227440.71,518629,9756,1.41,4258.43,84,27.01,1312566.54
CMP1544,Search,New Customers,56689.03,118578,4889,4.67,2689.45,10,21.58,988409.44
CMP1545,Search,High Value,71111.44,104199,4032,7.42,10000.0,24,37.06,1693475.04
CMP1546,Email,Small Business,478510.55,1673218,117098,13.16,9992.16,80,58.66,3587856.07
CMP1547,Display,Small Business,155789.54,560513,2452,1.92,2751.38,83,30.65,1178972.5
CMP1548,Social Media,Small Business,226650.72,597530,8797,3.33,5228.19,75,37.98,1167973.99
CMP1549,Social Media,Existing Customers,173320.92,798271,14970,2.31,3155.62,58,35.37,769628.42
CMP1550,Search,Small Business,305600.83,746116,27011,4.84,5577.29,41,29.73,1908119.32
CMP1551,Affiliate,New Customers,194907.84,620374,13690,3.48,2688.43,26,27.06,1005733.89
CMP1552,Affiliate,New Customers,223580.7,829081,24508,7.23,1987.04,89,33.78,1225912.59
CMP1553,Display,New Customers,349187.43,1621292,8464,0.86,2497.41,30,22.01,1106034.43
CMP1554,Display,New Customers,253908.96,934561,5788,0.5,2518.13,71,20.0,940902.5
CMP1555,Social Media,New Customers,246925.03,828490,17163,2.25,3028.22,40,23.45,1052670.88
CMP1556,Social Media,Small Business,196836.65,556252,11716,3.79,2779.49,28,20.22,1199641.45
CMP1557,Display,High Value,110583.16,295646,4518,2.19,5014.78,31,34.68,1182740.39
CMP1558,Search,Price Sensitive,244292.59,961062,39777,4.42,1296.74,85,34.52,1346787.55
CMP1559,Affiliate,High Value,320464.67,521042,18311,7.12,6713.72,13,34.45,1893940.27
CMP1560,Display,Price Sensitive,120766.03,663079,7108,1.32,1227.66,83,30.56,550420.09
CMP1561,Display,Price Sensitive,183486.02,619984,4777,1.41,1607.24,63,20.91,630839.2
CMP1562,Search,High Value,424162.82,1044244,29829,9.17,8805.31,36,42.87,2372607.1
CMP1563,Email,Price Sensitive,384320.87,723106,21957,5.43,1984.72,63,48.04,1428660.29
CMP1564,Social Media,New Customers,184466.21,911545,13323,4.41,2680.15,69,23.8,1130761.47
CMP1565,Search,Small Business,149238.5,254344,8741,7.04,4773.73,29,36.18,1219015.16
CMP1566,Affiliate,Small Business,307830.95,527335,14312,3.36,4754.02,17,26.78,1257686.85
CMP1567,Display,High Value,354207.43,1000049,7182,2.23,8844.86,31,40.17,1224651.96
CMP1568,Display,Existing Customers,280385.21,1250805,11283,1.5,2847.35,43,35.55,1334988.99
CMP1569,Search,Small Business,94402.75,216143,9631,5.31,4827.5,42,38.71,1615227.17
CMP1570,Search,High Value,227047.16,369303,9395,8.55,7258.07,7,49.26,1915264.33
CMP1571,Affiliate,Existing Customers,197809.01,433933,15909,5.11,4850.44,69,38.97,1485150.15
CMP1572,Affiliate,Existing Customers,208065.24,375461,15483,6.85,3116.78,20,40.68,1069844.21
CMP1573,Search,Small Business,189088.45,386843,12129,5.01,5487.57,72,22.11,1541743.54
CMP1574,Affiliate,Existing Customers,286793.96,588387,20402,7.45,3567.97,34,36.81,1269659.28
CMP1575,Search,High Value,456488.89,1121847,4293,0.6,7203.25,42,46.37,1869440.84
CMP1576,Email,Existing Customers,301682.89,311748,17042,7.91,3610.55,8,45.12,1449996.14
CMP1577,Search,New Customers,229314.75,579756,21343,5.02,4009.71,45,31.56,1738384.51
CMP1578,Affiliate,Small Business,356210.44,1003135,13486,3.87,6075.64,75,29.4,1799407.54
CMP1579,Search,High Value,311179.94,600715,29177,8.61,8107.46,22,37.01,2088134.65
CMP1580,Email,Small Business,120654.79,207938,9579,7.26,8141.76,36,50.36,2040766.87
CMP1581,Display,High Value,26606.7,84120,876,3.08,9012.89,79,36.19,1849290.58
CMP1582,Social Media,New Customers,84690.24,312322,5901,1.92,2696.89,75,19.01,1018742.14
CMP1583,Affiliate,Existing Customers,221227.2,552051,21728,4.9,3790.77,77,43.67,1613399.9
CMP1584,Social Media,Existing Customers,251982.69,679877,17534,4.01,1602.72,11,23.44,1045429.98
CMP1585,Display,Existing Customers,66833.2,179574,1772,3.23,3034.95,33,24.07,710612.72
CMP1586,Social Media,Existing Customers,190283.28,807944,19439,5.04,3328.32,38,42.57,1945872.12
CMP1587,Email,Price Sensitive,489520.03,1991861,124546,11.53,8407.65,78,58.9,3282347.18
CMP1588,Social Media,New Customers,203041.96,840694,11518,2.85,3563.28,29,30.62,994382.75
CMP1589,Search,Small Business,96038.64,235761,6204,6.68,4503.02,31,35.29,1157757.98
CMP1590,Search,Price Sensitive,157554.92,563237,24049,5.05,1891.79,53,24.44,1465251.33
CMP1591,Affiliate,Small Business,146576.32,259962,11060,4.06,6073.05,40,39.06,1152735.72
CMP1592,Display,High Value,202483.03,791411,4393,5.56,7090.94,76,35.61,1430706.4
CMP1593,Email,Existing Customers,282553.77,291516,15750,5.7,3932.46,25,49.2,1339990.95
CMP1594,Social Media,High Value,286214.43,759475,10139,1.48,6386.41,30,46.58,1622873.76
CMP1595,Search,New Customers,75393.83,235195,6661,5.03,2737.68,58,21.73,1297910.96
CMP1596,Search,New Customers,41082.12,106853,3067,5.73,2848.17,87,30.98,1135659.08
CMP1597,Display,High Value,58135.99,150558,1229,2.94,5999.65,18,36.87,1230057.9
CMP1598,Display,New Customers,104347.27,392058,1647,1.15,2591.53,34,24.22,595279.25
CMP1599,Social Media,Small Business,247324.81,1179426,17973,5.22,6729.08,53,34.31,1699979.38
CMP1600,Display,New Customers,174621.77,800637,3472,0.5,3228.13,75,12.92,1007886.56
CMP1601,Social Media,Existing Customers,360508.44,1167900,23380,3.55,3114.25,23,26.2,1455659.53
CMP1602,Affiliate,Existing Customers,278461.95,902235,32079,5.55,5636.83,67,23.68,1791864.26
CMP1603,Search,Price Sensitive,346814.21,857775,29394,3.33,1863.05,51,21.28,1698729.67
CMP1604,Display,New Customers,208318.49,1026659,4318,0.5,2086.3,41,19.54,917651.57
CMP1605,Email,High Value,307087.95,692588,31648,6.88,10000.0,52,53.01,2448853.75
CMP1606,Display,Price Sensitive,228777.8,1121785,9212,1.57,1381.59,38,29.8,743990.02
CMP1607,Social Media,New Customers,368854.52,1449756,22143,3.45,2343.61,39,21.17,1159299.85
CMP1608,Search,Price Sensitive,112416.41,295533,7508,4.82,919.25,44,20.8,720081.38
CMP1609,Social Media,New Customers,177315.75,822842,13265,1.51,2597.53,82,17.36,1097528.34
CMP1610,Social Media,Existing Customers,439081.9,1292598,29234,4.02,3173.23,86,28.67,1865301.63
CMP1611,Email,New Customers,110770.53,169407,9087,5.65,2291.67,47,32.64,1546120.59
CMP1612,Search,New Customers,186541.97,405486,14791,3.92,3969.93,17,27.93,1105419.17
CMP1613,Affiliate,High Value,11237.96,112108,7903,10.49,9383.4,71,45.74,2077452.54
CMP1614,Search,Price Sensitive,239523.69,1179152,49965,3.82,1225.13,57,33.53,1231966.91
CMP1615,Affiliate,Price Sensitive,191149.48,527793,12137,3.56,2417.0,41,26.35,684462.1
CMP1616,Email,High Value,92136.98,115734,3869,7.65,6489.49,16,63.12,1176696.72
CMP1617,Social Media,Price Sensitive,293479.0,1051435,16403,1.63,1212.67,47,28.37,763680.61
CMP1618,Search,Existing Customers,194445.31,495789,12944,7.13,4991.85,74,35.95,1649276.88
CMP1619,Affiliate,High Value,292645.97,520405,15473,8.24,6082.06,9,31.1,1798034.69
CMP1620,Search,Existing Customers,96156.2,188999,6870,6.91,3714.15,30,37.09,1447963.86
CMP1621,Search,New Customers,341843.83,840294,25540,4.51,2734.4,67,16.32,1771078.55
CMP1622,Social Media,New Customers,132979.51,667597,16776,3.41,2264.67,86,15.83,950317.04
CMP1623,Social Media,High Value,87026.13,181230,6646,5.2,8956.99,27,42.87,1480034.61
CMP1624,Search,Existing Customers,24764.8,51856,2971,7.22,2711.24,60,42.82,881446.98
CMP1625,Display,High Value,184210.37,505799,4699,4.1,7285.98,54,39.02,1515559.51
CMP1626,Social Media,High Value,409354.57,1104794,19503,2.86,8044.51,7,45.45,1631901.55
CMP1627,Search,New Customers,179324.6,396527,11203,4.59,3417.74,10,18.34,651187.22
CMP1628,Email,New Customers,366725.79,492121,31257,7.13,2760.38,40,52.64,1568075.86
CMP1629,Search,New Customers,412126.04,1312876,38765,4.7,2767.84,84,19.02,1550209.19
CMP1630,Email,High Value,200811.48,279921,10993,9.41,6849.36,62,55.37,2064269.99
CMP1631,Display,High Value,134434.18,387167,3635,2.36,7950.57,32,34.38,851553.39
CMP1632,Email,Small Business,221180.31,391245,13718,5.59,8980.4,18,34.55,1688844.53
CMP1633,Affiliate,Existing Customers,126261.42,361379,6663,6.13,2961.05,86,44.82,1608918.46
CMP1634,Email,Existing Customers,162397.93,288143,18816,8.9,3857.39,79,62.67,1468306.63
CMP1635,Email,High Value,64753.75,67139,2641,7.27,8350.39,33,47.39,1742530.11
CMP1636,Email,New Customers,302956.45,563661,24534,6.6,2970.82,46,35.34,1867955.75
CMP1637,Affiliate,New Customers,272448.93,539132,14996,5.11,3280.55,12,38.7,887983.59
CMP1638,Search,High Value,108886.86,273634,10394,6.51,10000.0,62,46.56,1908117.0
CMP1639,Email,New Customers,400679.19,520563,27438,7.56,2332.61,40,44.28,1610029.07
CMP1640,Social Media,New Customers,310172.0,1160255,21202,1.06,3551.54,13,29.42,1226224.46
CMP1641,Display,New Customers,304843.0,1191440,5202,1.88,1882.4,79,18.34,1201324.0
CMP1642,Email,Price Sensitive,397307.22,678387,18042,6.39,2020.3,70,43.11,1711966.13
CMP1643,Search,New Customers,277494.28,695154,18621,4.22,2231.79,22,22.47,1265183.98
CMP1644,Social Media,Existing Customers,64222.27,161337,4202,3.73,3951.16,25,27.8,833722.16
CMP1645,Search,Price Sensitive,110562.11,217410,7461,3.97,1407.45,27,33.16,1174627.4
CMP1646,Display,Small Business,260109.46,864251,4173,3.39,4290.98,60,26.54,1096052.04
CMP1647,Email,High Value,354292.57,543067,26252,7.49,7995.49,8,65.0,2134732.6
CMP1648,Search,Price Sensitive,193648.5,555281,21047,3.91,1176.88,20,28.03,1112285.08
CMP1649,Email,Price Sensitive,376126.32,998233,43503,5.69,1867.12,88,42.62,1952862.84
CMP1650,Email,New Customers,186890.3,459847,17188,5.67,2877.53,86,39.3,1456150.46
CMP1651,Search,New Customers,385916.44,1215677,29346,5.61,2494.35,61,32.73,2234350.45
CMP1652,Affiliate,Existing Customers,476874.17,1088232,34621,5.65,3656.49,51,43.0,2023287.95
CMP1653,Search,Existing Customers,396674.63,907664,39829,6.52,2965.82,40,36.52,1933973.6
CMP1654,Email,Price Sensitive,283907.0,470284,17666,5.52,1997.43,19,40.3,1390687.19
CMP1655,Social Media,Price Sensitive,248963.98,550489,17249,2.46,1609.54,30,24.68,1049008.43
CMP1656,Search,Small Business,173734.73,400799,16307,6.88,5662.13,9,36.19,1560298.79
CMP1657,Email,New Customers,352169.73,512501,16363,6.78,2331.79,89,33.81,1548015.41
CMP1658,Affiliate,High Value,440225.77,701749,21525,6.84,8271.49,27,41.23,2149552.59
CMP1659,Email,Small Business,69863.47,95833,4058,6.84,6579.15,10,43.4,1411541.67
CMP1660,Social Media,Existing Customers,436938.91,1118094,18136,3.73,4606.36,29,22.68,1832578.58
CMP1661,Search,Small Business,124483.78,316625,10524,4.56,7127.51,51,18.94,1640583.68
CMP1662,Email,High Value,315736.04,281571,16281,8.02,8029.66,28,60.49,2220842.9
CMP1663,Social Media,Existing Customers,76551.97,225515,6123,2.25,4388.92,88,22.06,1241242.09
CMP1664,Search,Existing Customers,367642.04,493832,18536,7.84,3307.23,19,36.03,1398318.61
CMP1665,Social Media,High Value,283292.74,1142331,23906,3.53,4773.67,72,41.78,1762507.8
CMP1666,Email,New Customers,186662.01,288722,10671,4.39,3127.7,80,32.49,999807.24
CMP1667,Search,Price Sensitive,165498.4,405903,10619,3.52,1690.39,20,33.04,696125.13
CMP1668,Email,Small Business,183440.27,209574,11536,6.82,7376.72,20,56.55,1668236.36
CMP1669,Email,Existing Customers,199253.91,360951,16291,9.03,3091.54,60,51.49,1698757.85
CMP1670,Display,Price Sensitive,431116.28,1578584,12401,0.5,1439.94,75,32.86,1353085.23
CMP1671,Email,New Customers,162352.07,249627,9242,3.84,2987.72,79,40.1,1250150.76
CMP1672,Search,Existing Customers,241611.2,622202,30951,4.57,5233.63,59,32.17,1106123.92
CMP1673,Display,Small Business,394835.55,1877905,10275,0.5,4069.18,73,18.89,1496141.08
CMP1674,Affiliate,Small Business,203963.21,389090,16149,5.5,6048.45,59,30.2,1631552.19
CMP1675,Affiliate,New Customers,29227.49,72262,1727,5.12,2734.88,87,31.39,1052541.6
CMP1676,Search,High Value,51428.08,113116,4645,9.98,5491.54,34,36.13,1200646.83
CMP1677,Email,High Value,287636.51,377607,26351,7.27,5439.88,41,60.67,1899345.23
CMP1678,Social Media,Price Sensitive,368512.03,1393317,26354,2.36,1671.62,37,27.33,1238197.88
CMP1679,Search,Small Business,241221.95,809205,25700,5.61,6258.8,72,33.64,1493299.91
CMP1680,Display,New Customers,102266.56,298670,1141,1.36,2512.44,43,24.55,869483.14
CMP1681,Email,Small Business,350271.84,370694,15264,7.62,4171.08,7,52.64,1536007.63
CMP1682,Affiliate,Price Sensitive,89780.16,224728,8036,4.42,2361.18,41,33.96,1150229.22
CMP1683,Search,Small Business,106143.8,319137,15263,6.97,5104.54,90,31.11,1579361.87
CMP1684,Social Media,High Value,94350.89,190612,3511,4.83,4544.61,17,38.56,1212993.99
CMP1685,Email,Small Business,67638.11,81829,2572,7.26,4599.58,73,45.2,1471840.42
CMP1686,Display,Existing Customers,234866.15,914892,7056,4.34,5907.13,88,14.5,1680150.42
CMP1687,Display,High Value,297344.09,789031,7227,2.56,5419.2,41,37.52,1359312.94
CMP1688,Search,Small Business,58342.6,155345,5058,4.41,4682.23,48,46.67,1254306.09
CMP1689,Social Media,Existing Customers,383543.99,1262327,25873,5.51,2554.47,67,33.67,2103750.48
CMP1690,Search,New Customers,194640.3,524032,14980,5.27,2407.4,25,27.38,1002106.57
CMP1691,Social Media,Price Sensitive,304522.11,1311618,26380,2.02,2159.99,80,17.22,1262901.85
CMP1692,Search,Small Business,88481.8,251874,5803,5.22,5668.75,82,31.78,1340151.26
CMP1693,Email,Price Sensitive,300454.66,446804,17859,6.17,2078.24,46,33.46,1591296.62
CMP1694,Search,Existing Customers,127937.69,290527,7831,7.72,2372.88,58,36.55,1299835.2
CMP1695,Search,New Customers,125969.08,316887,8788,5.46,2172.79,71,27.88,1150982.35
CMP1696,Social Media,Small Business,233503.64,567081,12425,0.63,4178.95,28,44.8,1136143.05
CMP1697,Display,Small Business,88450.42,336938,1138,2.09,6221.74,69,31.13,1320622.47
CMP1698,Email,Existing Customers,131691.15,196287,9242,6.65,3153.59,82,48.25,1274879.16
CMP1699,Social Media,Existing Customers,334278.01,950795,31383,3.05,3578.5,54,22.71,1485018.52
CMP1700,Social Media,Price Sensitive,340362.49,898433,20120,1.3,1383.24,20,25.44,966791.48
CMP1701,Social Media,Small Business,100139.19,278793,4574,2.65,4783.66,82,37.94,1459693.85
CMP1702,Social Media,Price Sensitive,293872.21,1140351,26844,1.41,1671.58,55,28.1,1215325.14
CMP1703,Search,Price Sensitive,388851.09,861832,21144,3.84,1504.99,17,28.22,1602499.79
CMP1704,Affiliate,High Value,384604.88,545144,16852,6.44,7336.94,39,49.37,1902812.23
CMP1705,Display,Small Business,404117.58,1362090,5420,0.5,5126.15,76,25.27,1629412.28
CMP1706,Search,New Customers,199634.28,295306,8231,6.32,3290.85,38,32.02,1434333.6
CMP1707,Search,High Value,380185.79,627944,24106,6.13,10000.0,33,41.67,2469117.54
CMP1708,Social Media,Existing Customers,302173.74,1224060,21674,4.09,3108.85,68,33.5,1378796.7
CMP1709,Social Media,Price Sensitive,54332.57,213282,2790,2.88,1521.03,38,36.73,438855.36
CMP1710,Affiliate,Existing Customers,68851.13,123496,4292,7.12,4641.68,76,38.15,809383.36
CMP1711,Social Media,Small Business,198102.86,560634,8329,5.69,3995.08,21,30.26,1726503.66
CMP1712,Social Media,Price Sensitive,253395.95,952029,19984,1.55,1297.77,83,23.59,1309491.08
CMP1713,Display,New Customers,235943.43,848358,4193,1.86,1851.62,86,24.12,1080254.91
CMP1714,Affiliate,Small Business,175265.3,280064,6067,2.26,8048.34,10,35.74,1498024.5
CMP1715,Affiliate,Small Business,119438.74,243841,8846,4.82,4416.9,69,37.42,1436281.02
CMP1716,Search,Small Business,333856.0,748712,20908,5.54,5030.98,46,31.19,2081809.52
CMP1717,Social Media,Existing Customers,175628.03,546163,10398,4.39,3151.19,82,33.02,1344566.51
CMP1718,Search,Price Sensitive,181232.95,579298,14856,4.89,1815.82,24,27.9,1014517.7
CMP1719,Display,Price Sensitive,369961.95,1969289,10912,1.62,1394.53,43,26.67,910799.47
CMP1720,Social Media,Small Business,138197.65,384635,4932,3.4,5272.96,53,29.98,1220737.84
CMP1721,Social Media,New Customers,152637.75,568656,9902,2.3,2565.75,73,29.44,904895.08
CMP1722,Social Media,New Customers,217213.01,559529,9856,1.95,3891.7,82,25.03,1200768.54
CMP1723,Email,Existing Customers,284585.84,346923,10466,5.28,4315.4,19,49.93,1296613.92
CMP1724,Affiliate,Small Business,65589.28,114383,4400,6.86,5375.69,52,34.62,1560746.99
CMP1725,Social Media,Existing Customers,366731.64,1620655,41503,5.58,2736.4,76,33.23,1759009.17
CMP1726,Social Media,Small Business,351870.02,971999,16731,3.3,3922.73,36,32.72,910722.91
CMP1727,Social Media,New Customers,193769.24,494496,8977,4.46,2966.75,13,29.07,1184305.44
CMP1728,Search,New Customers,104668.67,470828,20417,4.48,1774.11,88,26.25,1038487.79
CMP1729,Search,Existing Customers,242142.29,576703,24148,6.77,4768.8,79,34.39,1386077.22
CMP1730,Search,Small Business,411531.39,787747,20597,6.34,7313.0,29,28.43,1959610.38
CMP1731,Affiliate,Small Business,175500.71,443492,10863,4.37,4064.87,85,38.12,1645662.53
CMP1732,Display,Small Business,154761.35,560997,2332,3.27,6133.04,20,29.04,1074600.33
CMP1733,Email,New Customers,197190.29,256447,8759,5.28,2992.75,57,41.93,1634789.96
CMP1734,Social Media,Existing Customers,379635.36,1025413,16796,5.15,3483.84,42,35.25,1582441.75
CMP1735,Email,High Value,275845.54,327818,12337,8.71,10000.0,8,51.68,2122705.1
CMP1736,Display,Existing Customers,206913.78,485484,4641,2.4,3029.75,11,35.71,953438.16
CMP1737,Email,Small Business,374002.54,578354,16757,8.33,7652.46,37,44.47,2110763.06
CMP1738,Social Media,Existing Customers,92171.44,314307,8675,4.94,3325.66,36,32.12,1054823.44
CMP1739,Social Media,New Customers,48809.38,149118,2583,3.7,1812.45,13,20.07,589456.5
CMP1740,Social Media,Price Sensitive,276521.04,1135509,28253,2.54,1302.85,65,28.96,1232718.22
CMP1741,Email,High Value,396771.38,657803,27589,9.3,7327.03,83,51.58,2340467.36
CMP1742,Social Media,Existing Customers,397486.06,1386444,39236,5.21,2975.32,32,27.29,1198634.53
CMP1743,Search,Price Sensitive,365437.87,1098835,33686,4.22,1752.03,47,34.45,1385831.16
CMP1744,Email,Existing Customers,446617.56,550081,25538,6.98,5539.15,40,56.07,2090091.97
CMP1745,Affiliate,New Customers,306510.04,665501,17097,3.33,3224.11,24,27.75,1631070.96
CMP1746,Display,High Value,333220.55,806726,10559,3.76,6000.88,37,37.29,1783114.04
CMP1747,Search,New Customers,86681.7,223743,7456,5.49,3246.81,25,33.06,1210599.96
CMP1748,Email,New Customers,320499.69,511523,27306,5.4,2110.19,28,24.31,1238346.81
CMP1749,Email,Price Sensitive,245445.89,391894,14057,5.05,2238.71,46,46.43,1171489.81
CMP1750,Social Media,New Customers,115300.48,255336,4990,1.37,2041.92,26,15.59,1120748.53
CMP1751,Search,High Value,372296.71,569436,19594,8.75,7136.03,13,47.18,2012661.74
CMP1752,Search,Existing Customers,109539.71,201013,6576,3.56,3918.33,46,28.01,1301205.92
CMP1753,Display,High Value,170722.41,365611,4618,5.67,7490.61,11,38.59,1268016.84
CMP1754,Search,Existing Customers,63038.4,174091,6075,5.84,3833.62,51,35.1,1185877.69
CMP1755,Display,Existing Customers,214880.52,720648,7702,4.56,2882.09,77,35.34,1146135.46
CMP1756,Affiliate,Existing Customers,319895.14,645807,15159,7.28,3502.21,60,38.41,1594364.6
CMP1757,Search,Small Business,67948.59,119412,3583,5.49,6808.22,46,31.52,1483867.97
CMP1758,Search,New Customers,343427.39,1202166,43004,5.74,3224.72,88,18.25,1757466.87
CMP1759,Affiliate,High Value,97064.54,133553,5056,7.02,9020.44,62,42.01,1777981.74
CMP1760,Email,New Customers,194517.9,260952,10257,9.02,2976.19,29,39.96,1219845.11
CMP1761,Display,Existing Customers,255522.46,1190135,18731,3.42,4267.15,48,34.83,1214094.03
CMP1762,Affiliate,Existing Customers,197430.6,419561,13985,5.11,4335.12,10,32.52,1247232.17
CMP1763,Affiliate,High Value,262421.32,533435,17036,9.1,6851.58,40,44.22,1907873.54
CMP1764,Display,High Value,271544.59,748641,5773,2.72,7834.91,60,42.51,1485626.15
CMP1765,Affiliate,New Customers,401211.51,990877,14962,3.67,2654.6,69,30.44,1205122.93
CMP1766,Email,Small Business,84931.85,148196,6878,7.1,5981.05,37,44.39,1500951.04
CMP1767,Search,Price Sensitive,146904.7,385500,14112,4.95,1322.11,11,32.23,1352850.42
CMP1768,Search,Small Business,174332.04,384954,5570,5.69,5538.16,12,23.93,1637536.35
CMP1769,Email,Price Sensitive,108979.26,191408,9002,3.37,1477.35,36,44.5,1051388.18
CMP1770,Email,Small Business,279911.25,295333,8784,7.97,4713.51,10,48.67,1527954.39
CMP1771,Email,High Value,83042.05,108038,7384,9.17,10000.0,56,51.89,1898603.44
CMP1772,Display,Existing Customers,62345.19,188794,1442,2.83,2716.89,13,37.67,742463.71
CMP1773,Display,New Customers,331684.11,1492777,5644,0.68,2984.86,72,6.21,1178852.5
CMP1774,Display,Small Business,157863.79,551279,2514,0.5,6705.2,35,31.87,922323.4
CMP1775,Email,New Customers,131210.69,217904,8718,5.71,3120.13,89,29.12,1470397.21
CMP1776,Display,Existing Customers,109622.51,407265,3445,4.73,3775.56,89,24.84,1362892.29
CMP1777,Social Media,Price Sensitive,334333.75,1506361,26143,1.97,1622.64,77,31.71,1427894.45
CMP1778,Social Media,Existing Customers,319534.06,936694,19847,4.14,3819.92,13,40.34,1635238.58
CMP1779,Social Media,New Customers,291340.12,1210978,25148,1.46,2433.34,65,30.54,989114.38
CMP1780,Search,New Customers,326463.58,823742,26718,5.89,3551.72,49,27.61,1557911.48
CMP1781,Affiliate,New Customers,50013.17,76575,2197,5.08,2441.26,13,28.81,917901.6
CMP1782,Search,New Customers,224152.24,600767,14958,5.3,1922.73,65,32.83,867140.39
CMP1783,Email,New Customers,269249.1,628127,30284,6.59,2712.21,44,37.13,1374292.68
CMP1784,Search,New Customers,38160.26,92906,2805,5.11,2899.3,13,22.05,929564.61
CMP1785,Display,Small Business,406673.3,1293167,7573,1.87,7525.27,67,18.35,1659960.55
CMP1786,Social Media,New Customers,142347.07,485390,8346,0.99,2014.18,38,13.47,837042.62
CMP1787,Search,High Value,323009.89,703380,19823,8.52,10000.0,84,44.96,2138414.95
CMP1788,Social Media,Small Business,63722.37,213378,4666,3.36,5608.91,27,32.5,1227571.34
CMP1789,Display,New Customers,37191.0,138874,608,2.01,2779.66,74,20.93,754875.65
CMP1790,Social Media,Small Business,239687.85,708989,11520,1.56,4246.38,11,13.39,900260.15
CMP1791,Search,High Value,102775.0,215128,6126,7.92,5626.8,79,47.5,1484216.28
CMP1792,Affiliate,New Customers,299410.62,758184,18491,4.5,3272.19,85,17.88,1120271.09
CMP1793,Search,High Value,19659.86,95653,5309,13.17,7564.37,23,47.99,1958191.8
CMP1794,Search,High Value,411983.86,610462,29254,6.29,8744.63,57,41.5,2234347.73
CMP1795,Search,Price Sensitive,183538.4,631109,15426,6.46,2017.43,71,27.86,1594979.44
CMP1796,Affiliate,Price Sensitive,70063.95,237546,5830,5.19,1749.6,74,30.76,1005642.76
CMP1797,Search,Existing Customers,25302.16,61788,2682,6.65,3470.74,42,30.46,1366241.67
CMP1798,Affiliate,Small Business,298466.33,501619,14063,5.52,5445.08,24,43.05,1768197.06
CMP1799,Email,High Value,257212.16,293812,16980,10.15,8352.8,62,58.14,2216980.41
CMP1800,Social Media,New Customers,208810.62,764969,9502,3.14,3125.68,16,20.6,935873.67
CMP1801,Email,New Customers,458349.88,834182,36025,7.01,4078.79,38,38.19,2012834.92
CMP1802,Social Media,Existing Customers,130997.83,442598,10498,3.53,3437.37,46,28.05,935106.34
CMP1803,Search,Price Sensitive,484578.97,1243880,30241,3.51,2510.58,63,35.16,1356369.06
CMP1804,Email,Small Business,160895.48,184829,7004,6.42,6580.16,7,37.41,1492932.59
CMP1805,Display,Existing Customers,71021.26,276242,4406,0.5,4377.06,85,28.02,878927.21
CMP1806,Social Media,Existing Customers,211047.92,765830,16009,3.59,2123.49,64,29.46,1287274.18
CMP1807,Social Media,High Value,381585.24,979646,22379,4.6,9331.64,89,50.13,1783580.85
CMP1808,Search,Price Sensitive,286346.79,914069,32972,4.0,1185.26,59,35.04,1545957.73
CMP1809,Social Media,High Value,291989.65,776698,13897,5.72,6527.27,42,32.45,1480557.41
CMP1810,Social Media,New Customers,105884.03,421691,7732,3.46,1799.62,42,25.48,936405.47
CMP1811,Social Media,High Value,361962.86,855135,18199,2.76,6416.57,40,43.75,1612619.78
CMP1812,Email,Existing Customers,384488.49,649632,23935,7.75,6263.08,81,44.16,2294904.68
CMP1813,Affiliate,Price Sensitive,230526.26,562952,21004,2.51,2293.21,68,35.23,1133025.47
CMP1814,Search,New Customers,68169.59,127713,3164,5.32,2799.25,11,22.21,858893.82
CMP1815,Display,Existing Customers,392632.99,1201272,15812,2.63,3206.63,36,32.78,1372066.11
CMP1816,Social Media,Existing Customers,170296.77,640031,18362,3.32,3637.42,22,32.14,1171433.67
CMP1817,Affiliate,Price Sensitive,227131.11,563018,13326,3.22,1777.79,68,23.73,1105386.37
CMP1818,Social Media,Small Business,96234.73,254130,5228,0.68,4842.53,60,38.97,935326.3
CMP1819,Search,New Customers,139381.14,386123,11282,7.11,1940.9,63,21.42,1281027.53
CMP1820,Search,Price Sensitive,111328.02,290001,11095,5.68,1588.89,66,29.26,1475752.98
CMP1821,Search,Existing Customers,315337.43,685258,23414,6.19,3333.23,16,26.03,1261653.92
CMP1822,Social Media,New Customers,281184.81,1020858,18945,1.46,3445.82,54,13.31,955072.02
CMP1823,Social Media,New Customers,249690.42,649831,10499,3.38,3204.87,22,21.26,1116345.76
CMP1824,Search,Existing Customers,182432.09,496776,20238,4.11,3898.93,71,36.69,1908087.13
CMP1825,Email,Existing Customers,260343.82,297338,18423,7.45,4293.32,42,42.37,1443581.16
CMP1826,Search,High Value,218211.21,630192,19486,6.42,6974.6,69,48.01,1827356.7
CMP1827,Search,Small Business,357685.7,711266,20006,7.09,4163.0,19,28.09,1698072.88
CMP1828,Email,Existing Customers,248300.67,406268,27511,9.52,2696.38,53,50.72,1389689.71
CMP1829,Search,Price Sensitive,253889.49,700494,28406,4.96,1900.81,47,32.49,1366472.93
CMP1830,Search,High Value,277866.62,738873,28304,10.06,8067.7,61,41.28,2175884.67
CMP1831,Display,Existing Customers,57458.01,163046,2214,4.82,3084.07,44,42.07,1045659.25
CMP1832,Email,Existing Customers,73426.69,91411,6461,7.61,2512.32,22,50.07,1230859.55
CMP1833,Display,Price Sensitive,65175.48,259585,2145,1.39,1500.2,33,22.28,1066436.36
CMP1834,Social Media,Price Sensitive,75005.94,314122,8691,2.84,1411.05,65,21.8,634118.5
CMP1835,Email,High Value,296093.15,299997,17236,8.22,7848.61,26,52.91,2132660.57
CMP1836,Display,High Value,288354.65,777790,5964,3.67,5576.39,26,41.45,1372666.57
CMP1837,Social Media,Small Business,162356.16,480382,8422,3.8,6177.45,53,35.36,1527490.46
CMP1838,Social Media,Existing Customers,142399.37,477001,8187,4.68,3064.11,63,40.09,1038302.94
CMP1839,Social Media,New Customers,238411.81,520811,6312,1.42,3349.82,23,18.45,1098748.52
CMP1840,Display,Existing Customers,243759.71,669364,9449,1.98,2878.46,30,27.57,942888.28
CMP1841,Search,Price Sensitive,171710.19,327384,9722,4.59,1819.82,24,32.17,901006.49
CMP1842,Affiliate,Small Business,314365.87,716262,13717,3.44,7596.21,30,27.84,1617013.32
CMP1843,Affiliate,Small Business,264004.6,573262,11720,2.75,7110.55,20,34.94,1665277.08
CMP1844,Search,New Customers,60036.01,140414,4393,5.22,4662.14,49,12.55,1355474.92
CMP1845,Email,Price Sensitive,328001.13,587460,36709,4.8,2371.7,79,41.37,2112355.05
CMP1846,Display,High Value,270336.72,966600,10013,4.56,6337.72,18,39.86,1461113.85
CMP1847,Social Media,New Customers,399634.51,1929803,33338,2.25,2440.37,88,10.89,1037169.31
CMP1848,Social Media,High Value,457490.02,1407413,20962,5.84,4882.18,36,45.54,2200880.16
CMP1849,Email,Small Business,354582.5,663091,38502,6.9,4323.34,88,49.48,1999276.01
CMP1850,Social Media,New Customers,490813.41,1683573,112569,12.52,8987.96,90,54.17,3527744.33
CMP1851,Affiliate,New Customers,339488.35,642307,17820,6.4,2779.76,14,24.25,1558512.88
CMP1852,Search,Existing Customers,43117.78,112982,4848,8.58,4406.09,9,34.19,1032284.13
CMP1853,Search,New Customers,206552.39,549952,8921,6.5,2573.25,78,17.94,1709775.15
CMP1854,Social Media,High Value,321562.34,813179,16905,5.15,5945.12,26,41.28,1722064.86
CMP1855,Social Media,Price Sensitive,126955.76,636351,11258,2.23,2258.92,55,20.77,835610.6
CMP1856,Social Media,Price Sensitive,276618.12,964656,12864,2.49,1944.07,55,28.24,1075179.26
CMP1857,Email,High Value,296615.84,454569,18603,8.37,10000.0,70,63.56,2419568.06
CMP1858,Search,New Customers,314359.16,1090701,45524,4.82,2511.83,42,21.78,1606786.15
CMP1859,Social Media,Existing Customers,153066.4,379167,8565,3.82,3684.19,19,31.15,619701.78
CMP1860,Social Media,Existing Customers,80918.0,244677,6355,3.03,3751.09,26,34.39,759375.07
CMP1861,Search,Small Business,396717.03,1294716,41747,6.13,5013.96,84,25.46,2040192.34
CMP1862,Email,High Value,367161.07,567816,22398,8.46,8802.75,70,48.69,2171875.47
CMP1863,Affiliate,Small Business,156123.57,296782,6199,5.5,7146.16,28,21.73,1441317.99
CMP1864,Display,High Value,282781.95,1022370,11465,3.47,5057.06,55,29.16,1129673.77
CMP1865,Email,New Customers,210587.1,485529,23466,6.87,3117.56,88,30.03,1144936.21
CMP1866,Search,New Customers,392360.81,1019639,34129,4.77,3010.08,56,22.9,1929612.97
CMP1867,Search,Small Business,286924.57,721320,17136,5.06,5220.93,76,41.89,1729373.46
CMP1868,Display,Existing Customers,50872.15,160222,1426,3.74,2951.32,35,34.98,921740.92
CMP1869,Affiliate,New Customers,287714.79,543769,11915,4.62,2641.73,9,17.79,793240.37
CMP1870,Email,High Value,338544.31,638432,37350,6.0,10000.0,32,53.43,2483974.43
CMP1871,Social Media,High Value,233476.15,684286,16801,4.56,7609.59,64,31.3,1871311.46
CMP1872,Email,Price Sensitive,384838.85,635738,31732,5.51,1626.58,24,36.55,1734756.53
CMP1873,Social Media,New Customers,123279.16,373166,4927,2.74,2481.75,31,23.7,1049060.44
CMP1874,Affiliate,New Customers,165852.3,305324,6195,3.94,2759.38,9,26.2,1312679.15
CMP1875,Search,New Customers,280806.88,915316,19487,5.2,2377.1,66,30.26,1224651.29
CMP1876,Display,Price Sensitive,292227.85,1039199,11859,0.5,1413.4,87,31.79,1217710.09
CMP1877,Search,Existing Customers,392942.61,962612,25081,6.88,4065.35,73,32.45,1932655.83
CMP1878,Affiliate,Small Business,323556.65,656836,12270,3.59,3909.17,11,42.9,1541729.9
CMP1879,Social Media,Small Business,219388.96,549447,11462,4.17,6363.47,27,29.62,1249514.8
CMP1880,Social Media,Existing Customers,183019.59,509371,7996,4.63,3125.26,15,38.52,989884.1
CMP1881,Social Media,Price Sensitive,117611.09,664615,16290,1.62,947.59,65,21.09,817008.0
CMP1882,Search,New Customers,196605.17,588216,17075,6.1,5916.32,86,23.26,1535141.36
CMP1883,Display,Price Sensitive,144138.37,477757,3469,1.01,1483.31,16,19.23,728924.34
CMP1884,Display,Small Business,243252.24,793030,5703,2.81,4659.7,73,13.98,1378641.37
CMP1885,Social Media,Existing Customers,278518.36,1264155,33335,4.22,3583.86,58,39.61,1340109.25
CMP1886,Display,High Value,316210.12,789104,5772,3.08,7593.62,58,29.18,1420613.85
CMP1887,Search,Small Business,52002.77,107919,2933,4.54,6310.6,66,31.72,1328616.55
CMP1888,Affiliate,High Value,308248.98,501093,16540,5.32,6105.06,29,39.41,1981055.38
CMP1889,Social Media,New Customers,219330.48,781201,12446,2.91,2036.42,53,17.77,1151998.19
CMP1890,Search,New Customers,171674.92,497296,16526,4.86,2283.68,64,28.35,1509113.73
CMP1891,Affiliate,New Customers,199772.28,662985,15124,3.44,2684.02,80,32.18,1445813.71
CMP1892,Email,Existing Customers,208871.08,320413,21048,7.82,5006.0,46,58.7,1548790.64
CMP1893,Email,Small Business,92464.99,161294,9947,3.81,4761.36,80,42.3,1343275.2
CMP1894,Search,Existing Customers,144765.64,467249,17361,7.06,3963.49,86,38.92,1487174.6
CMP1895,Email,New Customers,256176.89,332300,13843,5.39,3726.13,36,52.2,1496796.18
CMP1896,Display,Existing Customers,77282.39,185519,1439,2.69,3121.79,18,26.9,684886.37
CMP1897,Search,Price Sensitive,293203.97,880584,28601,3.17,2236.55,37,29.5,996735.45
CMP1898,Search,New Customers,347100.32,998386,27765,4.22,2233.04,11,29.25,1384326.81
CMP1899,Social Media,Existing Customers,85311.73,279220,6107,4.11,3998.13,82,35.53,931718.64
CMP1900,Social Media,Price Sensitive,251096.05,814390,12726,1.63,1536.91,85,31.89,829738.15
CMP1901,Search,Price Sensitive,146281.04,510775,11679,4.05,1549.52,50,33.6,1385113.88
CMP1902,Display,Existing Customers,61609.75,259228,1782,2.86,2803.51,79,30.77,1011258.55
CMP1903,Affiliate,New Customers,233340.84,481950,10828,3.49,3310.33,26,20.32,1177470.02
CMP1904,Search,Small Business,275951.1,646775,16245,5.05,3539.46,15,38.32,1689567.74
CMP1905,Affiliate,Price Sensitive,149935.89,355513,5612,5.36,1648.11,44,33.71,921344.47
CMP1906,Search,New Customers,273130.33,627923,19778,6.45,2913.06,68,22.66,1400564.53
CMP1907,Email,New Customers,269786.98,684885,32886,6.42,2791.21,83,24.36,1563761.39
CMP1908,Social Media,Price Sensitive,149508.37,485682,10420,2.18,1110.31,54,30.61,1088316.97
CMP1909,Affiliate,Price Sensitive,68013.04,162455,4656,2.66,1220.59,77,20.66,973546.89
CMP1910,Affiliate,Price Sensitive,258375.81,591239,16784,5.32,2827.2,10,30.79,1034148.99
CMP1911,Search,New Customers,135053.53,395082,10158,6.41,3107.29,18,31.4,1204077.43
CMP1912,Display,Existing Customers,155251.1,498131,3755,3.34,3345.91,23,47.23,951621.38
CMP1913,Search,New Customers,97149.81,226093,7378,6.11,2811.99,58,21.2,1110426.65
CMP1914,Social Media,Existing Customers,205558.39,552401,8007,5.08,2939.94,9,34.86,1289917.74
CMP1915,Affiliate,Small Business,78719.84,133192,3255,1.29,3557.46,56,43.08,970497.65
CMP1916,Search,Price Sensitive,170429.28,403986,9657,4.86,1279.17,10,38.86,1041097.02
CMP1917,Affiliate,Existing Customers,258005.02,504588,16474,4.97,3153.1,20,39.59,1713660.12
CMP1918,Search,High Value,246340.65,575626,19339,7.5,8173.31,60,47.67,2509754.54
CMP1919,Search,New Customers,169129.68,432438,10419,3.41,3132.2,62,13.28,910257.23
CMP1920,Display,New Customers,169812.55,501440,2261,2.43,2216.88,54,12.88,831249.79
CMP1921,Social Media,Small Business,283237.95,1305083,14414,2.56,5119.54,24,34.2,1347942.9
CMP1922,Affiliate,New Customers,363869.93,874895,25631,3.71,3187.52,61,24.33,1478277.26
CMP1923,Search,Small Business,261453.67,509727,13504,9.35,4479.08,48,39.19,1658737.82
CMP1924,Email,Price Sensitive,473122.51,788326,39149,5.68,2089.44,34,45.96,1899520.09
CMP1925,Affiliate,Price Sensitive,282278.05,578644,19276,4.02,2087.05,47,34.89,1187644.56
CMP1926,Social Media,High Value,333492.58,616675,13274,5.45,6725.83,12,45.73,1799854.45
CMP1927,Social Media,Price Sensitive,112926.26,605250,10763,0.9,1253.45,85,27.26,228648.31
CMP1928,Affiliate,Price Sensitive,445647.54,1340810,48131,4.98,1625.71,90,30.78,1671187.5
CMP1929,Email,Existing Customers,386921.01,512446,20419,5.77,4864.29,37,52.28,1895386.74
CMP1930,Search,New Customers,202213.1,469754,12353,5.27,2335.88,63,25.03,1386482.91
CMP1931,Display,Existing Customers,317619.2,932149,11987,3.02,3884.74,53,41.96,1658532.24
CMP1932,Social Media,Price Sensitive,135866.83,449765,7076,1.75,1477.83,16,29.72,390752.82
CMP1933,Affiliate,Price Sensitive,302950.4,808807,23524,2.91,2479.33,55,36.57,1608228.06
CMP1934,Display,Small Business,211350.13,1137107,7739,0.67,3565.43,55,30.42,991599.58
CMP1935,Display,Small Business,322495.02,1230285,5317,1.97,4407.99,43,23.21,1421304.25
CMP1936,Email,Price Sensitive,335207.78,562550,28579,6.48,1600.98,79,46.5,1584745.5
CMP1937,Search,High Value,287394.19,515878,19731,6.59,5160.78,40,40.48,1915575.04
CMP1938,Affiliate,Price Sensitive,176552.86,415995,9494,2.89,2225.67,35,33.26,989612.36
CMP1939,Search,High Value,80113.79,118810,3897,8.52,8900.53,18,45.99,1695522.8
CMP1940,Search,Small Business,227078.55,629195,25422,5.14,7799.98,47,32.56,1982390.26
CMP1941,Affiliate,Price Sensitive,319573.14,567657,20874,4.23,1528.12,33,20.9,1563796.07
CMP1942,Display,Existing Customers,170530.72,465430,6467,1.16,2043.5,12,32.29,886784.84
CMP1943,Social Media,Small Business,259900.05,899495,15174,3.18,5273.8,10,25.68,1176906.18
CMP1944,Affiliate,Existing Customers,270466.86,591397,28219,5.17,2545.95,25,36.49,1894793.67
CMP1945,Affiliate,Price Sensitive,492697.19,960097,29536,4.16,2285.02,85,22.39,1972767.32
CMP1946,Social Media,Small Business,205492.75,646011,10837,2.94,6127.02,54,40.17,1508102.4
CMP1947,Social Media,Existing Customers,364639.5,1189303,16172,5.75,4770.34,64,25.42,1789957.39
CMP1948,Search,Price Sensitive,198579.26,480625,16160,6.26,2050.95,22,25.77,1269450.25
CMP1949,Display,New Customers,278842.94,867449,3963,1.94,1831.41,73,24.77,1247930.31
CMP1950,Social Media,Existing Customers,172573.61,515928,11144,7.11,4565.79,11,40.93,1633963.77
CMP1951,Affiliate,Price Sensitive,307377.81,667651,19702,3.5,1847.78,54,31.84,961828.95
CMP1952,Social Media,Price Sensitive,228814.37,884313,22593,1.6,1561.41,33,31.46,1213739.95
CMP1953,Display,High Value,173081.57,517994,4561,4.2,6643.35,29,33.52,1822117.44
CMP1954,Social Media,New Customers,277110.42,1148384,18331,1.4,3257.88,19,25.71,1268940.8
CMP1955,Search,Price Sensitive,101905.73,192815,9993,5.74,1957.14,43,22.34,1164425.62
CMP1956,Display,Price Sensitive,161532.07,1017481,9367,0.5,1104.83,47,31.89,1039646.21
CMP1957,Affiliate,High Value,90780.27,128947,6450,5.63,6944.08,37,36.72,1392545.65
CMP1958,Social Media,New Customers,110084.91,416834,5693,3.0,3473.36,87,16.16,1276977.14
CMP1959,Search,Price Sensitive,110957.16,350159,11299,4.75,1351.53,76,32.21,801327.61
CMP1960,Search,High Value,166791.79,406337,13390,6.54,6916.28,23,36.86,1839801.65
CMP1961,Affiliate,High Value,211844.36,462079,16955,7.1,9937.43,75,43.99,1940027.06
CMP1962,Social Media,Price Sensitive,366051.67,1389829,26360,1.28,1293.01,64,8.42,1039536.14
CMP1963,Search,High Value,124037.36,233223,10277,7.46,4845.96,20,45.87,1509492.7
CMP1964,Affiliate,New Customers,273815.22,436394,12126,3.7,3825.35,51,29.96,1331326.52
CMP1965,Display,Price Sensitive,285397.09,1436233,15038,1.01,1269.45,89,21.3,1065389.29
CMP1966,Email,High Value,103235.55,100763,4540,8.97,6443.59,13,50.98,1770437.17
CMP1967,Affiliate,Price Sensitive,282873.18,652550,15291,2.6,1644.4,9,31.93,1003404.98
CMP1968,Social Media,Small Business,337047.67,1253641,15724,2.79,3910.25,89,20.34,1990573.14
CMP1969,Affiliate,Existing Customers,207768.02,541221,18631,6.82,3334.76,69,35.63,1594918.61
CMP1970,Email,Price Sensitive,384140.51,787844,36980,4.87,1743.98,48,40.16,1518380.54
CMP1971,Email,Existing Customers,192822.62,331190,14692,8.58,3603.7,35,42.21,1311398.58
CMP1972,Social Media,Small Business,104213.57,425298,7634,4.2,5370.8,61,27.58,1407087.63
CMP1973,Search,New Customers,180182.53,478348,15751,2.74,2695.96,61,18.26,1449926.88
CMP1974,Display,Existing Customers,136047.67,475469,4303,3.97,3009.15,27,28.01,853387.43
CMP1975,Social Media,Existing Customers,361452.89,703326,13146,3.93,3901.66,15,25.48,1320155.31
CMP1976,Display,Existing Customers,136448.08,327988,3836,1.65,4041.13,8,31.98,1031600.68
CMP1977,Search,Existing Customers,157926.14,366067,10519,5.9,2589.95,15,35.42,1081364.34
CMP1978,Display,Existing Customers,261791.1,975494,6348,2.87,2247.86,80,39.29,1397783.73
CMP1979,Affiliate,Existing Customers,166163.01,254767,9949,5.45,4794.11,17,34.71,1340116.07
CMP1980,Social Media,Small Business,178421.81,360430,6830,3.05,5570.65,15,30.45,1215143.85
CMP1981,Social Media,High Value,388897.28,1311431,41737,5.27,10000.0,72,34.37,2401603.48
CMP1982,Display,New Customers,345010.42,1394927,5374,1.07,2189.06,62,9.01,1171560.21
CMP1983,Search,New Customers,241476.55,693892,18088,4.4,2360.16,86,27.38,1401188.88
CMP1984,Email,Price Sensitive,157917.73,329861,12227,5.99,1560.7,77,40.83,980456.93
CMP1985,Social Media,High Value,489152.34,958276,20882,5.24,7135.48,65,41.94,2203857.32
CMP1986,Search,High Value,206387.35,597548,20921,8.53,7369.64,72,48.01,1949111.65
CMP1987,Social Media,Price Sensitive,282201.59,762490,15078,0.5,995.88,34,29.03,992097.59
CMP1988,Display,Small Business,181859.96,688930,5502,1.17,3766.41,54,25.31,1386852.36
CMP1989,Email,New Customers,183560.91,272309,16194,6.62,2639.02,56,36.04,1267613.18
CMP1990,Email,Price Sensitive,294591.55,785729,33554,6.22,1468.81,51,45.54,1493228.01
CMP1991,Search,New Customers,334258.88,944488,41121,5.21,4029.61,69,24.41,1889740.76
CMP1992,Email,New Customers,137629.62,238190,8573,6.3,3873.39,77,31.93,1539222.64
CMP1993,Social Media,High Value,227295.47,492208,10416,2.94,8858.78,54,35.07,1735739.99
CMP1994,Search,Price Sensitive,73609.98,225620,5495,4.05,1905.47,25,35.93,644347.16
CMP1995,Display,Price Sensitive,381257.53,1387594,19424,0.5,1461.33,86,17.87,1107307.75
CMP1996,Social Media,Price Sensitive,402205.05,1580134,20734,0.5,2649.74,31,29.49,1314315.61
CMP1997,Display,Price Sensitive,233734.11,685959,3905,0.7,1815.95,62,15.15,634125.15
CMP1998,Affiliate,New Customers,338620.53,695609,22267,3.82,1809.51,20,27.48,1447358.52
CMP1999,Email,Existing Customers,101396.52,178485,11469,8.34,5107.41,43,51.95,1523148.61
CMP2000,Display,Existing Customers,340246.5,1149753,9008,2.64,3624.22,50,41.92,1426783.53
